S_No,user_id
1,jbMy-j-AGQOlvOrZXFYcSw
2,Py9Vg0Jszyejl1gtInwq0A
3,yul_W12pNZ6mmxdSowkNXg
4,1-kjqi1KAbfHbA66LSAjaQ
5,eapc3sisuiomVvadgHRbYQ
6,ln-kP7IR06J6xid_n1su9w
7,95pg9xd70tZgi0MU6hQJEQ
8,U0sLatwAPadgksntyshbXQ
9,HfiHsIzMc2LONh9mO0EDoA
10,Qwc94L_sIuUURCe14nWs8Q
11,w-wPsNbcn3KfM_VCGClp7Q
12,fEhVRIrAMZLUa3_1a7ORug
13,BQLc7jSHfPXDvleNFJ6lyg
14,ANGzWkKWYmeX1n18hyjVPQ
15,WuisE8d64gXxpHgJ_f1mSQ
16,8AY_fM3b5aqAFCIOYvN9ZA
17,H_0G5lH4NFvApWM2ULDDrA
18,GewnsPnZdjkiLxkV59N-fQ
19,sUSnMiLBSWZRMINT2ylmxA
20,UfXJV3Ixhl198dpg4OANnQ
21,Jwh9YrVhNMFR1YrsNKuUzQ
22,9Z5zW6lVZBc8bPALJSfMwQ
23,-6ETwajCpIcbollwsn2L7g
24,QxYUS353XYShReSuRFK0nw
25,zvehkQW-VmwAsxEVVFOUeA
26,5bJslqFWuyt0fs0485yCpg
27,VBPm8m9BbJprTDEIpxDYPw
28,2uWIAI28pBO1YWvgKJmpOQ
29,IRNApKLo8NRX-7W4h_jaKQ
30,E7X346jPtLYs76hsDjptlw
31,QdQKYysIW9snUohv2Q2gFA
32,QJemUZityFfiYBmwsPcQTw
33,_xpL5eJPLvdLUsKXgndrjg
34,nw-d_1JsloXpGqZc5_a2cw
35,XSuelT3GXFSYhR4mWxiF7g
36,MZmgi9n5UnV8wC6ohmhDbw
37,Gp5jtGMpDT5t5374oLlnyw
38,FaInv007dyM9Ke3S1L7gkQ
39,qmXq08CEM30AxIiE3QJhDg
40,s1nQPRDFR5Us6O4ibcCpmA
41,KOlvxkIXnVt_FP7945VM3Q
42,Yw3DL8TMnzPLuh66kssvmA
43,cf4wyE52m2gEVxe5OOgxzw
44,50nwS6aW08j34LLzaQHGYw
45,nnE37GFPiZn2VV_X-t8STw
46,go99akDEUwzPBI36mtrLzw
47,tV7IpGi5UHCwrNYy5wzNhQ
48,WzArvx-J7HdNUHBz80Zwfw
49,Y78rlGs-jaSXe9t7m_xdSg
50,#NAME?
51,2dFw4uHp2NDjahryfEEqQA
52,qLe9iTbzP08s3QytCW0fIQ
53,XQpK2JXpX487UpZPsDou6w
54,k9_liJFdZXovKb2yGAd4bQ
55,ZdAVv-iGOCdOViLsmBAYhw
56,elQgckhSZoCrXOKa2or4KA
57,sg6aJFY7AqqCSKLIKCKNRQ
58,sHCgD68ymtxdiQMJfquFNw
59,S_QTVUjDCns0FVNCyAqVoQ
60,xXo2nJfFgJ9d8QMvyBx-aA
61,I26mpCL9WYPXXlq1B3RD3w
62,KYQhTe1GAydRYUlJUMX1Rw
63,UgwrOTJyTYkOnKWNejGaUg
64,84Vegblm7DYc2K3iRII17w
65,UnkLdm7CtVopT8UARd_K-A
66,rkdE06BbheP4gEhb3ooH0w
67,ysNm6U9Gv1iUaZ-kWzasVg
68,wZKwYLhCsPfURV-TTlQImA
69,B9FpbRp4rgldjAw2BwLGcg
70,Z_LUgy2BpwNj-4BY_Rb2wg
71,IYd3QVWIMDzkuCQR_diF9w
72,5oakGlRm5hvukgfP4M_AYQ
73,bOwDeoSl3XoImf5sD5JQuw
74,CXWUsxspyVb6LZUnVUOBBA
75,QEjj329qrFXTp7ThkCdqmQ
76,WgE3UKb1nJdQ0bR91dtEew
77,0ECs8jVJ1dufpADZpzO0oA
78,RoVCqIJt3568yFgNB8PI2g
79,Rd1bn0H9hdIm1tWntYJtGQ
80,VKJ6sKuOLoE7p2qStovW7A
81,ya77SVROcnJmGQLaxR5DFg
82,BcThFH3F_Seg1w1mLq7JkA
83,fIpi5_q-nd1CF7mewypOzw
84,jRSjKsG2lbSVZx8ivcavDw
85,2ZejNu-GeIM2MfL_Wm-lPA
86,mSoKuWXPv34pVQm5pl1vbw
87,ydYDpd8uU9EvaEpsUcQmZg
88,sz0FdhdPhHVQaqBoECyMSA
89,J4CpsSKFLb5oeAeFKyI8GQ
90,_08aMMfF_7tMApst_opWDg
91,5Jh2aJN9HrRPORtcvTejtA
92,a8jcjwZ1QxlyoZtWh0A9Cg
93,cvXoSNjYyaqlBZMZFBT0sA
94,4QYQkO_y7Daw1mO5veFIqA
95,6ntrvpgp661gYlGBIrd4Ng
96,HAmUKuAqbvpEZKGRoFURbA
97,Ll47mdKtaeJnljXh2YK0Aw
98,Nk1NniSeyycz0WwnJ8wDbA
99,LuvOcK7EJm1eOFMex781xw
100,fBP2Rsng1osoRBgyWx2kag
101,0Qb1oyfXm1NLl9uxu5J6Ww
102,JigqwmEW4AF49Jm-VU3c4g
103,gWsIg0g6qdod3SDBfeSiBQ
104,Xbwn5FyUSQRdHGkdbQXTcQ
105,MBoxYrvLyAGpJcc9PJuN0g
106,dptrtiAAD7BPNpzXd81VDA
107,dHYsV6GLKu1cM_TxG1wRqg
108,RSVLO6MS1qPoygf0fyZkaw
109,hpOE_AaoJo4Xy2686701vg
110,Q81WVcH4EOks2GXUqENdXg
111,hjj3yGshpoOmBAo1Udzwxg
112,F2kYWnXU9HfxFrsZP4v4yw
113,7ySrHDwGgNkHclIq4TfrHA
114,FK54a9S_C-5t8sgsOSMfng
115,rDQOTlTuNymE_Ya5dJK01A
116,FJiAuPwEv2LQw909uCSXjQ
117,So2huQ5NQCAQgh6EtmQf8A
118,BMj8TLTq8LbZlHVGL0-g6g
119,lQ1iUMLpOAgEUPqkWWYLdQ
120,XDDKqUzVXs1jHx2NsRAjXg
121,hVwaMyMxrs3jD-2kovL_GA
122,pmIivJhBMxk3YorIN5aeaw
123,6X5qI2eX6yl1XlWerYqJMw
124,pSZqzknTAAhvDmqrfAXWKQ
125,ZJSrPawZtXTmvVWv3yT8NA
126,lx7J6aYJbF6Bpe_HJktwiA
127,Sx6tEZrP7sMyA1sJckHIAw
128,ENZNKU6Xqt_kX1yFFb_H4g
129,tKej05lpPJQSkgpCOKI8dw
130,e44pC119NwIs59NjWEppuw
131,c6Rk2j_ESqoCTh-cLzaB0Q
132,vcklK7LOblGQ6rRvs_QkSw
133,EaL0Kc-Uuu8n8f9ZEvIzvA
134,fbVhcncBLGXfQJ75sWaatg
135,d5zOsZHrYWiTOErvnbvfAA
136,cD8mnjzYIi1_2Htm8kLcZg
137,Iy5WOdn3Ilxd7Bt3ZCl95A
138,f_GMUw2YcUkW-7FnWN2bYw
139,njml7s20s2BPBmSQVLfHpA
140,ibgRcCStYSPsYV5vo0-6jQ
141,GKUqZPEKxY8WCdshDSY5xw
142,OZbl2y2_j9to2gu1BNpavA
143,zLz2fgLQymCAG8AH60KjnA
144,TM-iFpdpA7yUd-Mz6vUCCw
145,r5g_Ayvy0SujHGD7L9aGlQ
146,womf-jzTo-_URvXZWgWzOA
147,nutxtnZBzHVUya9Kv5y-pQ
148,vczLnl5hppFQawt4rsJaDA
149,QIuTiudMl8jlwtqP1krDbQ
150,U1_d5rMAy3nu2qp1rdKaZw
151,1JtbHgRBtem0mMXEeJLqTg
152,ieV_wQGBS8IHwJXXtViqvA
153,XUSC5_9MjfArxH5dANQD4Q
154,E4hkqlNrz8nlqEr6u6Y5Yw
155,ewBq2am_RtAcHPQyPLaydQ
156,KxvcHDKKDB6pnN6ctPLcXA
157,6jwOOmWCfyD5x9yPKAddSg
158,ll3PMPxYh8wMXI0ArFnbjw
159,JaxckHRFjPFng9LZS2thag
160,GGLsq04S1Wwm_yPieGDtyA
161,ipk4q5olbvZTyxJhvT-85A
162,3lUkFxUQKeMUYH7-z_kmjg
163,sbmTvbTwwKc8OSSgYLTbXQ
164,tGv7bPJLhwOlJbkAtvS2iQ
165,7_sAC8to4trq1T6jI8izVA
166,kwswZf5tGkod7MxeL9MFyw
167,OuPzokcIhyd3bVp0rtDd0A
168,EFvZmt-hl4K1a0XmeL4GAg
169,ww-95PeNKgM4g3lyVfrc6A
170,6aSszw1T7DPE-SW5BXwV2A
171,IyCzW-swkIx6bTRHlSqGZQ
172,Eq1bjHu4gmgg6F9S_1rtPg
173,ZWgtyrhXRMzq2K1mwID7lA
174,0GZzHLzEMqPKWrRdbRmaIw
175,1eEXY-PjqKtCSSRzvNBjxw
176,YDiACh9Z6zxmr3CWbyJGfw
177,SUf8CfDeNOdG5GNnmIYI2A
178,jOysrKVZvJDSZgYU-D72ww
179,TM5rlV_KsFAfoTmtWVLZVw
180,nueFth6D31c5PGwil0LiUQ
181,LkJP8uNwnoeOYSpdGsNsrw
182,srOyLIbKTrm5zL8Ad9_cew
183,6DZrtWDTzdfBop3TztuLaQ
184,J3Stxkn-RIwOoCmrFMaPvA
185,MpjUupX5SjePeDHi4fMdnw
186,lDBIanwfuVdNUSjmexFJnQ
187,fyOL7gvaOqOMoisT7FpjSg
188,XUEXGH1xeXpJ_R_Pb3UQ7A
189,OCh7Lj0dw1loU-DPsLiL5w
190,zqzJqbkkWaeh3bltwd_IeA
191,P9084z48om5-hOSAzerl3A
192,QpUzX-gYa34qkBwi5FWivg
193,bLL-99AXY8y9j_0T2yIWdA
194,G2J93qlCdQ2txtPy9TdL8A
195,rjkcOltXEAF979qmXE_Cfg
196,bOaTDb3vRj8m3fTzN7yfcQ
197,SdvMv-BydffCXpThAytTrA
198,P2wm_wXK8vfLj-OylimqCw
199,NVENDu4KwWT6FJAK9-AQxg
200,gH9hONnrRlAu3fKqThsI6A
201,ZKZ6JFL2YZENigq1Nx50Tw
202,krBAtcmqhsHPv57-HHEepw
203,KnanustUf5OEo-psKYwyIQ
204,7n_r92FNuG4w0iv2JUoK8g
205,uT5_86KpPSnSd308_Rg7gw
206,g1etLmsmplrSVy_vKX90-w
207,rjK9BK8PMG_5As4oPVqI4Q
208,M8Fre7R4ZGbc37Jv5V7TGA
209,1DZGPdnfFqIEoRZJWhwkYw
210,87RVS1V8Hrcaah-xo8y7oQ
211,zpp5cvA3n-pC7Th4ORV4aA
212,brVwU5EUpxHaFA1mF9mudw
213,gcLP7oTXkgJQmxwCT63CSA
214,DPU2k7kefBND1h1OUNwyfw
215,MYnM187GFsZccdWCI_6jHw
216,ZU4Kl8xPb6wbErEpo1mDoA
217,3r2GQn7QQhlR3CsbIemVBw
218,mJkt9K0HEGBrXiolESU2UQ
219,0u8rnHKUYL4KYq4sZBQb3g
220,iHE4CeqxyhhPf5zjYavhSg
221,BN-B5rbaAs0768V36VNEHA
222,HBoRqWquO1S1sxd8XHWZoA
223,JbsqBm8lAUSKR4i_OGk-2g
224,negOTACH7H2B49CvEkrphg
225,bXdPfoaV104WBXI3ChMBTg
226,5CJNl0HVjv-XNxbk4DH0rw
227,NM5O3UHkLD-HIZBH8FSCiQ
228,ksux7I4T743hUH9UmRdyeg
229,dDDT-vE6qp7Lb2P1UsOc6w
230,1KjV5ZklsF19KbtpIWr2Fg
231,z9lNxCs9Dy24J8A0xWN1tA
232,7fDqaGdUMccXQ4bnPwR6yg
233,OiM3sA91EA0HEaQp6-ONTQ
234,rveeIZXmBQSRB3Nlpr4bqw
235,xw3Cjhf3KGkJ2CKa8zyt9Q
236,JPJcwgmyqChDOG0i_nzhvg
237,JOrzB57jK7yMY_aLqHZ5Sg
238,rZ3NJ3zXBdgGjy55Y63IWA
239,zb4wcZ7a8JLG3MWnnAgTNw
240,QZJhw3rUfj7qU2uQ12d_NA
241,wkvpZ2ba6yfiePns7_Ku0Q
242,z9JXcbIjlT8CQdioHdO63A
243,mYUurN0VcUwdLOZaUTN0gg
244,WrpVmivGKyhPMcyVjZ5jYg
245,08SV_tWqXRaopkzjN2Ecaw
246,lv8VhfYvNpDuHYsFMTf_Tw
247,2pqHNCz9W-RKsI6EopINxA
248,m_AXuANlxf9Sx5SIv7eDIw
249,efU-wLWQAMBd_7WbSlJ_kg
250,GNOX8PWWmaeKO1_3UlTygg
251,X8tAoBJPDqEhwwNuCQVa0w
252,YqhoqXbXRUeXmdkJ6s6jPA
253,hktZK5dhsfJMYn3oO3OolQ
254,pz8GhcnHVYIg7s7cfDWolg
255,m6EU649JUNiK6weC2GObmA
256,rtIBgGmyq6nHHPaU1E7Zmg
257,C60b1iTW-T502lqNLvELYg
258,yGtH6ABIYiMxpNw5jeTFuQ
259,TQCSj5-SgTjuMx6eEEAiCA
260,m-jeH5uMepQkLGyNmSrriw
261,yFEMZOTprQgblKnwpBZH4w
262,XzanIlEuTcr_D55o19vTzQ
263,IkczuIiKtxrx-RVmNnPGAQ
264,3_6IQYs3iy7LxxwqmcpSFQ
265,jmkPVX7HK5TdD2btjmCeSw
266,_Hdr20TOrai85-jMdioogA
267,gIBlt0qT62GSAA44BzW43A
268,t1ewc6d1khd6QOhpdgPbkg
269,2TXT2lWAz5oFsIp2EcXnQQ
270,2GS37eclvDtaIHV9CzJnyA
271,-1wa-zpOYmQ-A07yH4Gemg
272,Md_8xUc4MF8VA56zm5FK_Q
273,bhrWIHkpZp_gVVcemdLW3Q
274,GlrFgjL7c35juiYBuUAExQ
275,_ow3swWzqcpf1daRbyscrQ
276,LEXK_zrIgJyDw6xY8a1eGA
277,C_X5MvYD82ljhLuF5FRFXA
278,dW-Jyindj6nQGBrkwge0JQ
279,tMzuy0-lMRRYsg8t8ah8zw
280,wRmrMuDkkTXLAK8rQEGFAw
281,DSwD9uK2i1UH56tx8VI_Sg
282,bylJiuLHGhovQDCx2Uo4bg
283,gI7sj21N35-miiJ0j16Jgg
284,hjoxnaxqEVvkXeLZG-vzwg
285,L3HXuRFmOKIKTEX-aurYng
286,6XK-KtSmHWtZXiIdkRFP4A
287,L3d7oVCvT6Z1Vak8WvViuA
288,dg9boQVxSZH6cGWrJzLuog
289,8EWnEB7BiIW4NMsiISengg
290,X68X69TBGQaFpWlAZMEDSg
291,6dtUfR8JsuYH2e71zQrH0Q
292,LiI4xJZ4R4T3-VKaYAON0g
293,CfF8jE3yDGgjrOfLllIm-Q
294,gteWTr5_yXRIuYVIIlHiaA
295,U36gkkqLeugkEyP-0puc5g
296,PpreEj90GJUDm7LHI6kPOA
297,kRRXmauZDrHmjwpzbAh7zg
298,nkmHXtvzIiyiSo3vKMDujA
299,3_z5Nw9b6IRI2VfO017QuQ
300,MULydcqZ3pwmBMOUGAupag
301,UL49FLvF__XKVwSbbhsJ-Q
302,WSfKpA9cNNlRfHuYAJZboA
303,1pjDjvigtAqHJOB96NF_UA
304,Qj9Q54WDLsfUf1cR5S5PFQ
305,cPl6_EKAmum0t112YA5fcw
306,k_tCngfDjNF6tZd_eJbM7Q
307,X2di0jIuDemzsV8DIOC8hQ
308,ARxC9nTVYkcuUaXTjcdCUQ
309,IiAzNkY1FfGldQK19MXS5g
310,vJLub4l_J7Ck0tCpwUwHLg
311,mohiHo_yHX4Kr6MxTFKbnA
312,M6hK-QUiopTdrB4PvY9JIg
313,woFu5rqSdWYQYAqsQ0w4ew
314,d60I5RwenHe-iXwPw5Db6A
315,3NTmYNGPoYO-c1ZHRV0hzQ
316,WgXrT8dDXPLkRmYwGwgjLA
317,lm03GKdXoFn1PWq26vsp8w
318,rHc-X-A7AISYTad5ErulXw
319,7SPETF9foM0OfPn0HVUqLA
320,YwRHpbOsNJ7O98fD5KVcmw
321,mR65MoJq6USkkiVSR3BSFQ
322,gfuH1yBNcnrT1yMiUCcK5w
323,frXi0cq89FyVUe7V_19ylA
324,9pbWfTEsBxBCw46j7p2RCA
325,b3Y3opR1F3OLOMAe9iwWHA
326,CsqUakaZiMPZ_bJpRi21Ow
327,PvZW4gqwqnmLwrmO8X0llg
328,V-KzLozpmNzMXt5-Y5e9pA
329,CShvjdRBgWRzJcLfthW55g
330,763h4guu5fl0UxO4EHeUsQ
331,lZemtaz57f6IjzCGpHYwlg
332,Wrad1xzofLFVqScpZfib4Q
333,Gq3GyWRFz0LTxRNN3Uzr1Q
334,SqKmB5OZ4uc06U1a495qLg
335,WFrbOmizoTBViLf1dQQoXg
336,2ePsLenoh4-W6sPTr9tKBQ
337,yftiExvy8VoFb-cWjLMDZg
338,k5kb0mR0AT1Z241TyFN8Bg
339,BENktT3dkSiOyeg5cEO1Ig
340,hxklhW87n_7zIXQSiIlMwQ
341,P1fWKdEXnt-SvyuBr0RFIw
342,9RBKXeL57KVEvtAb3YlHnQ
343,m7wQyis0r9mJ-hGhjSkxPA
344,kgvF_mVk_gZQ2Hu-QL3RAw
345,SfOkASPs1syL8QXv0Orvtg
346,5E9tChvrDt4-2MB6Zun57Q
347,L5qd4tWIyhhAwOGufkdKnw
348,KYbXhL8vqJc2BQd1sClOMA
349,YXAJUMhot1vyO0o43Jmiqw
350,1KfoPE3bj-5EyNMX_tRwcg
351,ddbH0DdnPcFUhqHhSmfzlQ
352,1SmU3MZ75ONHq_wMoGFk4Q
353,mhq0uhdpXMAuTS9JY3QxLA
354,h1KzT38UnfzR7maSi7oVUw
355,NchUL5jqZ2Spa0VByd0DEA
356,rnU7Mg4m_EfN_x4q96_m-Q
357,wPYbSwJw_qX25sxlg4r1Fw
358,Yz7uvNICVKg0sMEcpENa-A
359,ubP5MnORpxPbC4j3Set7dg
360,cNIEbHctlqYIJoWjHgsQyg
361,yNfFV0_BeMetIbVMcDIWng
362,JbY6vXmIwO5yJLbkDr_uXg
363,viozfs8c5QXhwMz4TG1d_w
364,3NLG3W6JyovvzuBDCxPvPg
365,eBEAwFT2H1JtR-LHmkKUSw
366,JpF150mFDGY1s5YQmZTS8A
367,LAFo_vc8o89XLlEf4zyEmQ
368,jvro_Ml40xDgUjhM5BlftQ
369,0IjWkdgOCgDsso3BAVZBMg
370,D01Rdjn6Hd-sMoomhHbPXA
371,ji3yFum-ujHrmINQ5_ERtw
372,tthM415lHAuzEVslySj3aw
373,tzX9acTchjO_EBxVwSRQLQ
374,FxcqZJ5womF14GOoRyQbcQ
375,g791QuoAeNYXF1fkXaALmQ
376,U11j0md4DV59nXD6kdb0KA
377,ro23ZEn_aylYWJUysjS7Kw
378,8XhQQrPlKByMHY3FtvdqOA
379,CTWIguhLM0ZLEvcLQrQkog
380,GHlkd_YxXR5w-h-mtI4i8g
381,z1MrDoE-VVaLLHhUFwKDkw
382,hLl1J9Vfr1kTus1BTf4jbQ
383,gOci1UaRfBuG2W3Nnw6_HQ
384,SZaeut-1eGbsNiH6i55YAg
385,oz-Kfz_tDfPQE19CsZy_tg
386,V5jfkywq-f4FpvDrUJMdfw
387,ZQ2B5gWNEn3m5ghcHnoEwg
388,qmMO5PPT7xawbB1r5all1Q
389,nzCDUo3lGbq135gKCrBttg
390,pQq1IO3n8KSsg7-tq-nCSg
391,A7jBS507-0vMfjHE_kK8Lg
392,lzHMyYq3cfDAY3vHC-uC9w
393,4qfdUzYmyUrxaY9bf4BlOw
394,1jO8eV0TFWt_ibqBkt_9rA
395,MBlxRXwaUlDPDlVPkAcK0Q
396,cTWExirAvsYfSc3fSXZQmQ
397,yzDlzODFrZ8yFJ7XnTkIFA
398,6DRt_YYkP9ZrDwJ3tH3VUw
399,sufVCuYqTmDFwiXMuJ8uiA
400,OzGtt_By8HmD2gP5CqrfPg
401,nwDWTVTjuR29B-9Op7NGWA
402,u7oP2YzSX9D6BX34LgExOA
403,_Ok1cK4bp5zeThcX1dbFOA
404,b0s-Tnriv4hSf39yGQV8rw
405,F0hugIskS76pD2ZSniybyw
406,CorjbML6UYtosctnDJCjcw
407,naDtXIEwq05Jrdu0Aa_bAA
408,v35_HBkyB-_hl4briOFvrQ
409,Q3VJdVbb6IccCIUI5pzLVQ
410,1_WeiWe6Vwlq9vnBw4RYFw
411,PXaxon-hwthUDku7DV757w
412,lNG6ags3UpUpd5e7OQY0hA
413,c8mKRgs0EKNfnThJ1MSobg
414,DMahB-N1TLu2ipyMpxd_ow
415,Pp6T6eLv2X7ssgxa5BxP7w
416,AuZN9oZe90CoS9hzmWg_2A
417,Dixk68rDIzNs7Ni1UMDKHQ
418,B3XkP9BCqnlSmlRYwSC-Yg
419,wKQP94wnszBeDn8ki_Ox3w
420,cEX8lg6ifQnv3q84hdW5Sw
421,lJj7tR7PUo-g2jtLqGofCw
422,0KHz07rh0SdAKe3aN-wULw
423,D6PdsHvwC6r84ft-hNAQAg
424,uNWg2o05vRWoqAUufk6Z7g
425,E6vnYbwgd0G_1gWyAWg2-Q
426,HYgiWCwqnPyQbUnXJbHeWA
427,HJGsDe8RHvcgceU1kgjIkQ
428,XkfHvqh0-1lMbVXaDEazOw
429,CTNG04O7uTK6r2cdQpaXAA
430,ht49wFaYmyJ673o_8GIb1A
431,YzoEbgXz9IjPRIaUMTPoNw
432,oNvPjzd3TE3K_3SOV4jCkw
433,CnjK0VmUTzF-zPEM6QGvpQ
434,ef9U1eMnxfzK-O9_w0Hn-w
435,FcrvCFxcnnDBDToGsl3lKw
436,l0_9uO9HSlhuMuMI95VASg
437,uhVdukkdTEi1sIGMQuRz6g
438,ZhBppt_sn8CNJ76PbZeMyw
439,xSHuSnHgdgt4SDYcEDcByA
440,awvXGCdtximdUrPV0McApA
441,nxUKTm5XpynIINQQLgcH9A
442,1adNJT3G5uKfajn1CEh47g
443,E8zdSQjsHswk7q3fgSzRIg
444,5Qsi3XJbcFMH_wkSjFGpbQ
445,UpDxIojkHO4bk6J2JeKtPQ
446,AAAuuIPU44sShnOJxRvlZA
447,HUXvHzLFsrArdNzJonAWtw
448,XPaEPzx3sU4_nxX55DwRLw
449,KFBh-AKKLtxYfzmRvjRmjw
450,aAmssu2vxnO3Pg5EIWQF1Q
451,x_pDPKFRq3G8yHdniD8Tbg
452,66RptphVBtK73K8ftPCA8w
453,OJi4cJOeT6NRbRjD4eajDQ
454,8UGQ4pIG_t2nK26Ktq7vzw
455,sSX7d6KqYAs8A9ZMdIMjPQ
456,MEkixUvvLL8Bf0nNA0omvw
457,gAMGmrcQ9uvAYFhYDAxG6A
458,GV-m2E1nxTVuGThz6Zc0iA
459,CqTN7IDyDNgmE7r6tvQEag
460,bXdks1VyfEdV_a2BBMD04w
461,lM_fXiKmQb2C_c6lZWUUVA
462,q8D6jciRQyAqMJ-VYC5aRg
463,fKht41WiARq-c7LL5ee6FQ
464,7DxaLamt4KdklGZsJ8-Szw
465,fMBkRqMMbshlGhesiBzoSw
466,FJf9ytjOQLZm7w3J4ZugiA
467,u6hL9m4WpcMyN7InAZBh6A
468,oDaPFBmjV7o6OK38gnJEyg
469,6xt-wwbg398DJVtzq3BjxA
470,jDEKPsfIyImOxQtCWL--Hw
471,09tQmaiOGTfaQVDPKzbggA
472,iry3zJUI3a__zsG-jBiEgw
473,UAxhCp5G8xs0heH0yAtkkg
474,0rc7WXIEVpFvU_WO_2ITuw
475,HnOH-_MvNb1yOdQ8yuea0g
476,SgDolPpztGd6lN9gJOVY5A
477,YRvu8Q79EAYL0oIZStFbFA
478,KdQy0PFl_dieL1Qmpl7ang
479,cknmWYLjj8DV6gn-H0VoKQ
480,fcNU65OaCj7slBJ60VSQgw
481,ownumI4RsoOInvBLKaYoKA
482,W3fDDxzs0vGEiI1VGyUZ2Q
483,Nfkp4JlKN3mxnZ0v5FOFBA
484,PFahBiKZzy9qWaJJvxdbTw
485,c5S2sfTC0C0Y6vkD033maw
486,US8gbxm12stL1JPejo2KSg
487,u7LF6slYO34FwNqhAFwHbA
488,0uL3okoHheP7d_4q34iQmQ
489,cB4DaZlZ2bfRqXkNiE5kpA
490,Wk2N2NB3JTqWjS0YsyiXPA
491,0aQ57h7pu4FyxjWHq1EpQg
492,7QVNLrJDkjsDsCtODlPdsw
493,3vulE4KIEs6Ky6NVBUF9Cg
494,MN7BY_CcC6chMO3LlIvd_w
495,nbo23NVBdYgHl378w65PyA
496,OdzZXTtEDnAewo2aWC_z0A
497,fd4Ck5qBhltv8q_0umemCw
498,S52cdSH7W1VVKn-4fTy99Q
499,3XfVOE0rcBiB1zxpYy25VQ
500,vbznWiueaDj0p_-Rm7fZjg
501,HIf-O_VlG1ZRFtQkiwzEcw
502,FuUX1nur8fJuIuVUxSmW7w
503,QZP4KzvP_Whnp4OUPGCP-Q
504,wkrBsImQaeAy7-oZSOAD_A
505,js2Jy7YMFNCyhJhGoV4Rcg
506,AGMPXErhBD3iHtCe134wiA
507,U7jQ97MHDLsMtBit5t83Uw
508,WJgA-g_owZJWuCyLqak8hA
509,9Dw-zHMq3FxB9Hscu3-BMA
510,YN93FatyRxdXBe6tvDEaGQ
511,W6bN4na7PRXpYkoNcUh0qg
512,bEoIQLJJBSrhrsIGRTwuvQ
513,LbqtOiwfnj9BSl_0uOkpLA
514,mjhRhNn5rKDeXDTRsnk2aA
515,dzfZqRbApVLK9_E_ktl5vQ
516,xiphlGf7eCKEnKnFOVFXzQ
517,XNz_CoTUBxnFPMtlAHTXAQ
518,VsWgZpT3cNz89Ohtdn2HUg
519,uX5uqWIc0uIwDSeWEMR53w
520,IY8r8Puc0Zb2U7lG1dgBmg
521,p9GsapAOFZN6gudxQEhUBw
522,kUoglFkBMTpA86yuZOQWcg
523,rAaA8oVZaJNTBwWEkfsu0g
524,u0_5iEomPdrFEgD-gQzZyg
525,JuIh-RATuG1yTbKzNOfAYA
526,lcADq2VWWnLnR7_not6DnA
527,WtiSTvQ6nj5k-7KbnPfYjg
528,1sPiulDOVLCot1Wtw6eNfw
529,bXmzIvW1KpalwqbWjGaIwQ
530,EZoUgYU1-jtWvMrg8Um5Vg
531,bk0VJCYFvLjcJcXQaFePYw
532,0gkYZNXEf3S4_QMriiO2xQ
533,rboR2TAJUEwLnf7gA6ovug
534,yW2y12a804L70s2Vz1OHDQ
535,jHr0mZ6oZtTDApNWFW95UA
536,Xi1PtxM5tfwRLhVa1aTCsw
537,7lPRJgjRxj-E8Ac2K55iYA
538,-7bFp0yQwgpybO92bAjTdg
539,Syrj8bVyz1iuZ07v2aH0NQ
540,cP8p6pdBJK0cdhAAxVKN9Q
541,pZdI8_4RnnKMhR4C91DvQA
542,AMosAV1x-W8kbSLhT_qyjQ
543,R8Z_730nrnt5fkH1V6NWew
544,GZvrf0-I3zzW46qqr9Q5rQ
545,MIskNjcn9-sMKzvi63g7XA
546,V9QTht6f74F8sDyixbMqIg
547,4lmBznh9y4hCpNEROlOYaA
548,J65jUUUfy6n7OhVaB5u5Tw
549,3mRlZI65RlVpLEkPTdfZ5A
550,cKjwHLm6tg94XJpPczhu3Q
551,Mii2i4tGC9fndPjbo4OwnQ
552,OvXmxSCg0lM6wD6SwfiBFA
553,fUNQEzEVd4MDl2AcIeOnfA
554,RkhOCYrKA9KSJnPsIQAyQg
555,u8oRmKouXh6Jvfj4PylYGg
556,aqbYvHN9W213Vl2xiKNpEA
557,9A3lslML3XPjR9jIXzcsdg
558,IcyW0IAHv5tSqvQMxXWMyQ
559,SZyT2Cyzh9_R9xCzwbf2dg
560,BDDX7HKmlIfQDpDVfcOZ4w
561,QPPRfD8JxPypOgIP2ekTTQ
562,ahidXhDGYSW4fdl4aQYq_w
563,TuO_oZfmYQzVYiAg6zUGOw
564,7Lz3u3Co6vCiq5bsyoxP8Q
565,6KFfCCNpZzLK9t1rqR5c_A
566,f_npapc1g2Fs8LbvzxrcPw
567,qAvZ5n5uRLgVkS6_W10qhw
568,FzeD4P2FkeCnBiwtHfqBrw
569,ZqAO13SCfWzYyG2Vf-_zEA
570,AameHoJJzJvsiqe6rnQK5g
571,_Gzbmrj_WUYvgMKM_kolxA
572,PATqHnyOuDQTx7VdQUdwgA
573,xzgvaZPw50KJ9-FCSwr4GA
574,_C3tAgGDwaVgh1ThKynH6w
575,9VOOnzrSB6W6WQU7dMOhxg
576,8bU97yQ-0K6vjmJwU2lWXQ
577,GOA8NXfPwhUmhHWKMlnI5g
578,O5w9DIlBIc3nYesWo8wWzQ
579,WJ8iWj16N3KUwsNelImayA
580,1V_uJUGp0WC_5fCIdOE3vg
581,DEFZjI7RkPA0Li1E4tk8nw
582,4o1jiOAfYWTjjnx_bhKS5w
583,nmNlLTF5sNS0bkGFwuWWyA
584,HDmNLylwd_2xQ0PzrACcZg
585,IiLgPM8_XxhCtFrbUNon8Q
586,_rG7XRqshKyKjMxJHfJKnw
587,KmJF7dDpAxVYaot4xPg-Cw
588,fzQKEZAvfXtqzRj51tWvvg
589,vZWEVzEqYPSBpaaRH_tNEw
590,IhMy8lh4bGrd7Kw9wTbzNg
591,c7BGmJNa9zUZA-tPo1SmmA
592,7wZ9OlGq_DcVq1OCOLKqUg
593,rQjCaQZ5Bn2XsHNPwsMMIg
594,oAMxdZ_Zpxrt2vNyWMCJ3A
595,obRP2RysEeT9aawvorEHhw
596,V0pCLYU1ZY13UThdszLrLQ
597,802qkcJDzY7au8BtG_Hx1Q
598,6-nmnK_Sn_uxCmtGgelC7Q
599,P6PVqI1KzWJtGSv5Uiggng
600,Bz0Ws7fwF9MeYNcVOn6mHQ
601,hWc2Lc5zS2gd5V_egrtFPg
602,mHGLOBau-6w9cN-Z8XdLNA
603,5WZZJdx3a2qBrbia7CELQA
604,ZZwPPqMVdlq7vSIG1btAQA
605,VrCsaAd6ENp9o1PMfmBDrQ
606,pOZb7z9xVWdmpirVhGtnlA
607,mCHqf_hq1QHrxqDUe04yTA
608,TiRMql1Xq0KZ175NOICI_w
609,eEyQ3DKEWBSrQN2VvVcBTw
610,NrIZo0Aadl7R9oexLyPLcw
611,8j_DDoIYAj-vBCaTnFcy5g
612,c5xP0E4Ms6xFNXZTMhtNPw
613,XmQFbnQlGsFXnbbGiVimpg
614,jhqvUu-js2KKZUmqflNdjw
615,wDRF3pdKX02SVFOwg6Vn7A
616,CzmB59jOYdhgynbxyZERkA
617,eqsIn547Zl3oK2S5_Pgbuw
618,OxxMApAYlKsdyygRObHDQQ
619,niKu4se6xtf-ctlm0udr1w
620,BpNcC7MuzS4fv0urfSSghw
621,IyHC7QFrfebNN0VL8z7RBQ
622,ShvyFmkiQAvRL9rS1_DEUg
623,1nvUNh4_JMcIsQQXsEzb_A
624,bpgfLdp69PIjI83hIsAwog
625,l2rG-seaXfK62jpK462D1A
626,Jrm34VNH85jMCtFevsSz6Q
627,vb45w1MaSzDnvD3Zo0EI0w
628,VetMgjO_91rD8hF8-MY5_g
629,d2LEiIYlbFssOXUJKgRm3g
630,QUE_Vl5z-JQHG9Zhzi4vAA
631,jQh3XG4kC-z98SVmRQLgUw
632,xACfvlAx-L-BeEcx6EKt8g
633,GBrGAu4Fc7b2hPIo1oXneQ
634,pFOO8o8YBjqUNV50AC58pg
635,bCPwPBrplSmx9L6vHh4ghA
636,zd295uha07n-o1JUBjCXrw
637,SuKSngj6qZhtiHzvRXKTeQ
638,BBfvVsnBHRgvO9FJFMWnzw
639,aph5Hrfpi0Bq5Lxl1fRJEA
640,fcwhVtNK_iXE9TA0gWWQfg
641,irHHOxpoYDndotszAgiekw
642,K3uzXJozPWe1d3gnKJMqVg
643,XGuaIEqaMSYGqOJxP03qVA
644,y9qahnfaCjYLRsn6P-FGVg
645,4fulQVQyvPK2y2_-dcmmZg
646,mt0Kg16i1OVim4zjwYYWrg
647,x01wdMMQ72juwEg9PhNCFA
648,z4lemVkxHcm2QlwSi904fA
649,1O3y_IfJObgkMa9K1XVbRg
650,aENc72lhSOWU_wBWgUJjFQ
651,NKFTz8jU92bP-3dNpUodnA
652,bXT4ZQ9w5y0ApTkstPVQFQ
653,bsNPOZzmhJJQ8U4V4QDYIQ
654,WDm2OOd5tPF_Ub_BQ3S1ZA
655,Yr_HzHHEe29pc-SKOgRjdA
656,rD15SfOIx0f7AiN3iq2O_A
657,V87-V1YE7KjnGwLYWrDzpg
658,Iy1pT-FtkcndYq63fz5yPQ
659,462OM7fz4--ztzOg_39sMQ
660,xnvQ2NT9KAXI_QT1kyhILw
661,u4eJihRvS0_m4ZmDg-6oMg
662,MdK1kiMq-W4FXXvrhUXSyA
663,ZZK8ovAAFcpdSEceflkWeg
664,Mo5XgO5pYw35s7rmfGMvpQ
665,r8eYO_Mk3POQMuO8F5c02A
666,N-W9xuGLKZpUOAMXyqPEDQ
667,PCpeZ58wbHCidUcyRMtCTg
668,ArYdnV25iMkdiSF2URtAtQ
669,zQU7-9C16-boL-N8myv-cg
670,Eh3xlkeIUf4KkVf3iBdbig
671,1pzP58PeWictHQzctMU0nQ
672,zTIIw_i3ujH0kocM1Bmq5Q
673,9BkBgTf1p0jOzS6liIXsLg
674,g4l4YGuhHorVvqZayLe22w
675,li5pwULg5kwUf7CjN7uvCA
676,8Gu2dm1TPrxC1SpgDC2EBA
677,AQZlweNdTx0F497RS6zZ3Q
678,D-RdwM38oiwk4u9BIcZBhQ
679,OUd5ih0Kyd4tuUW1RBje7w
680,V9gGjPFEi9wiL0SKh_74OQ
681,SvNhuD4I5WCxioQYoyaU4A
682,NlL2VajndqIPFKSEoqv4Dw
683,G7DIuNyUXHt5LnXqHv0tHQ
684,vQT9vLg-ff2dXii9QXbNqw
685,coY89Wkn3pVpHMceJhQd2g
686,DQjtdK1vRbIJWWkyo-btEA
687,v_JLwzLF02qDjGf4Ih9F2A
688,pjdpIT4zsG3YSzqLTG-6pg
689,I_6wY8_RsewziNnKhGZg4g
690,OR634V4I0329eZlNITpv1w
691,d1fYk647mAv62ewZd-Yslw
692,71sLtk6vs__d-aVggWN1Aw
693,JfhXJ_28xtmByhFyyeZO-Q
694,WuXz2ZvGBuH3ph8CRCf-og
695,QBek00dhiUpRHz47coeEJA
696,zKY0jW5KlfGzrkdlksCFbQ
697,KKLWlqtaspsWHYGQLfUl1w
698,NmqJRpMN4lom9Z8Zf_sVAw
699,rekpHm7DnRj_ulPlZokPWg
700,_uFjvxx2gesZ_-dghFf84Q
701,6IstNXthtHaVLar9GHrbgw
702,YLBV7ejitRLzQZiZ4zYHBw
703,oWps0Xs8vf4nQdV-gv--8A
704,QqXR-f_cis_l9D5BlHyEzg
705,6L4QE6dkq0ahMEtLEfFYjg
706,_cNKRPpESxQJFN2KDNKnsQ
707,2WGgcYW8KUVumfxa2PBY7Q
708,cnohx8UN5XyC7Evg2zX-3w
709,KpzKPS-UDVrEp6PWRLUSSQ
710,ZgJ6RKmz2bHGmUP3lv_hyQ
711,eW4-GcWh2_iOJ9nLt8CEjw
712,asP8e3cx--tIZwyr33EizQ
713,qVaW87Z2X1N43BJhGpExoQ
714,OCbbv2wHL6Vh8c1uAEedtw
715,JeQ0RufMdR52JiMuJt_XgQ
716,3VRVPszAOgTchQMQwbtnBQ
717,dSaAQnq3Y67vrKKHJLtvcQ
718,hHo_UfzqVlliRQERZdaNbA
719,gC74SRcDec-HiTCC85gt8w
720,C6XiD9f9SFmx6SvE3Za9hA
721,Kkb7nnzolpXwdKF3M-2MFg
722,EbDv7TL0EJ4yFGEH2f0mmg
723,y6HQVuunubk8SXuqvhzzHQ
724,3Xqb8grpCpr9POHTJGowsQ
725,z1qjygaqJlIO84ASeX447Q
726,I8mvuFaYndrsywAp3LAIeg
727,3D9jgEaGLrptY3q66Rfrhw
728,TL0eB10E7W0XZ8rju5iMZQ
729,WllQR0N3vC1DwinEMeR3Bg
730,fgK9vUWFuAYo0KOv3d_kEg
731,ot3FuS4QZWdU7P5oVge3Hw
732,9wpYNULYwjQwLsH0W76fqQ
733,V0UGjuvLXmrbtcqx-R_wbg
734,on3R_FINJG3AAW7MN9dZfA
735,L_IQLvKOjCDTaf4iG3tzDQ
736,jRH6nQ6NfcjzrMlHyMjLmw
737,SmiVHAL9uSxUBhPvzqWxtw
738,dFM50dzKzO0w689PDJU5-A
739,NpwxVpxdthEZ-LTjGWfNNg
740,Zp5UHlr3SQjKzMnrFwfm0Q
741,EMmjusXvqZ4MjlmBSR9ptA
742,E9tMb-edQouwWQL0p-SWpQ
743,9s-bJjqIzeXqEokQc4fUxA
744,WQlYTskE6BsHdjuq5Z1AYQ
745,17kCwheyjZVDjDmUMxGivg
746,7pL0izvC7n0ivAj9KZyjmQ
747,qhNn4DKWdhP5A8J2d-ndQA
748,GwbWRUZI4TnwAC3elUOxAA
749,se6EUOkvk_PhanxQ3H6Wwg
750,gOwMPbRc6l8YF2kTQhA5Mw
751,nRFpkbcMfhV_czXgIwFPJA
752,fjKWSRS9zgJ9hY1fGI8Nyg
753,g5tj5UaJvmmPWECIpm8RxA
754,opqswMykOno501akG4QP0w
755,vRNydini5gLGDd5VXp9q9Q
756,RM3ik817VHdc9mYycCHFBQ
757,5YEF4L9uZby6cff_L7yA_Q
758,VcYUDty1bq3vouehCDyYew
759,wxHuJ0krYdfxGkb0HhEc7Q
760,YkAiQ_iDEH0IXZGRt4_JFA
761,DdHXKBkvY2FeV3VO4MMoGA
762,eJyG_EriVeJZe7NXA_1ZIw
763,4YBNYPBxZXd6a_jSq6H2KQ
764,eU09He6e2Xrv2Ku8uuZ-ag
765,ZhJj9AVbxWaXKkA36wG1nA
766,BIoQtYJXYJx7XOvVfyhSTQ
767,GhGPqA7VTbnyaY5ASOPCfA
768,oFLauZEmAIaqP5fQzGGf5g
769,JTKbq1lQnGEsr5lXaTRsGw
770,1fLgGSD3ViccMDVFw9FrvA
771,XqP3QVtz3Dwl5PnBZ1vxSg
772,1U4YZL0Sw9vbeNzfGIICaw
773,o-tN4g4ZA_lV5leNI7KMAQ
774,OMozUm-Icc1GJHcVtU3JKQ
775,JGfib5Fp8lpUlOreCuhJuA
776,kAdUET4gL028JsJM_MWXVA
777,n3yODOJkd48pyWhQ0c-t7w
778,l-btEjEpQ-RNtYIng0Fsdg
779,hpD-5hADeSQz_o12IjIP4A
780,ftCiRR7FLFptT3HnRohnsw
781,soWKEA_ffLAm45b9F-Bk_w
782,thi-jmMx-himXfCw_EuDSw
783,xX8qvF_fvrJavEYKCTERwg
784,5paXQ6aGJWhwTWZSLJJs7A
785,SU8eCvLg5H8-ubaC8JJ83Q
786,QnCWtjNiSIRXxSWujG8oBQ
787,SV8w2Lo0AdXM97BYoCFKNQ
788,nYd2iyETcfA5-zN6vri1DA
789,QVLgKadoncaQaZU2tf51dQ
790,EwVvs9VkJBvnefLJY-QIfQ
791,O1TK1gtVXyTnohMcFGMWOw
792,jiCMdR6dgsVh-T3BzH3NCg
793,ZV6k9qZxZ7ypHkdDlkx2LA
794,9uR5zCDLjGODVMO1k9Fn2w
795,Ai4lWD2CgfuMB4YcQAt3JA
796,ISrgSTR8tjZLPC03JdsCpw
797,hQhDPjHP6TWaJ-5EbbgqJw
798,LaVUrn1hIsLxF1szIca-QQ
799,HC4MNjbS3w1bf051uZUjrQ
800,Z4bhLPkXOkrz5giBJtmvmg
801,y3xAhVtzkUUPsEtGgqxiiA
802,HDTkys83kzRcBJZHR3WMkw
803,l9CUmtZlOiOG7yYUUQp3bg
804,nzcu1zMN0RShmAtBdZ1hdg
805,htGCACTN702La0tENodUiQ
806,Ztqds8mmKDkROknEzYaGrA
807,ZDlKa8URFjia3VYYXWL_vg
808,trPFzsvtSYptkHfRGHL3pA
809,6PjH_kxZOYXfLp-gyluCSQ
810,V-mYI429soycV9aN-piDjA
811,aNeMm-MdGPEeo2nwKRdJaw
812,LwAC9rf_ou3KoY9ys2seQw
813,8i_o4ylM0ooaIVD-09YwZA
814,ZbVGbAswsevFNoIJ1T45dQ
815,GLn7fpqGuNrcNJfDCL6XBA
816,TGx61y2Qk_Yjx9vFjbWvcw
817,2CLI2IlN7Ngmt2LhmA-WmA
818,E0fIfNRBZMpROHvnExBQNQ
819,QwIErxU1kuqsPOdVf9qCdw
820,PxnAZrfVIDpcVcqSMnVObQ
821,-91R1QSl_5f5JnoOErd1nA
822,sSimZOJojSf92cR7OPa7Fg
823,alI6ZL3gvbNAYOvc2CnjYA
824,Zm1D0X8QQo3hCrXW1zYLuQ
825,7bidx4hQmfSkdnv4QkE_Hw
826,AyTvgK6vz9AVkw9YADZjaw
827,KRSsCFFyzESUSz6aROiKMg
828,QOhemoaGV8UqiofVPj0U6g
829,fGBCXrrEeb0ZPXZgWdDH2A
830,pXpJQD-6B6uBO6JX-ktdbw
831,H03a2o5ljAnlozgkOzOVPw
832,6vDjDT4sjY4erjOmfUHVGQ
833,2IqQYR3mYzwY0fBzq06QtQ
834,Id5BVEwetPJLujZ-Hs4AlA
835,sA5nqz2eI08L_paeJ-JoiA
836,jnkLB9mBhsIe0Z6muh323A
837,CiQk5MWr2uF5KtkUUgMj9A
838,RxPFoc8dob7fTKDqOi51Ew
839,vnzrLv0-PpUF7_PywyNQ4Q
840,97P5AgLL5PZ4WSoio0B0HA
841,gcB3sPmFgyx6uVl2kugS1Q
842,RfhN96VaszSlsQBlWM9wbA
843,q7guFNuxAKCYTA_rxpUkBA
844,GtorOJY_o5Bg46EA2gPPSA
845,6NQAoeUgsxoAr31NVJGxTw
846,Hoc5HjymJL7rglJum8hqnQ
847,Z8yXS3nKdEoSf6JHH-jTQQ
848,SXWpYm5DRd0uGmYLoxfl9Q
849,UD20Ilblmn3uVqAQCwG1UA
850,OwfylMCoMF6Awzz7mdzlGQ
851,P90tsjXtgIIcmhslu8CWsg
852,p-tPvAMlmmZQxMyahKDSJQ
853,4tv2FXNbgOR55QczRmsy_g
854,23XnfbQ5mO4oiyhAA2xxNQ
855,o2n6Pt3c5MrGfqGAdezZwA
856,uElwSaDKB0LsO5EZDDrzCA
857,xmR9ff-EMoCA1brg-swMQg
858,NhvLNR5acxMFw-01uszCUg
859,g222nwbHDeszGt_4A4f_bg
860,xoKO1XubNO-mf_3wr47aSg
861,YVU3X-YiHsKw76TDLnRc2g
862,7ZKozwp9j0UOzr89K26idw
863,2jAKHy4Z-1itMcu0YWG1uA
864,J-ZKA_LWI_C1T3JtyEgNuA
865,Y0nXhc4yBVdJBHdPydnSNA
866,i5P9TKpmgH8DEnXXOwr7IA
867,7zhra0LL0dLYo4Nmo5Q_xA
868,H5nIimcKkwA4LaMRKH0AGw
869,swTrCnH84Uh7ORk_vnxShA
870,KOKg6u0sAyAp2b8SLeXyxw
871,LKPj-gALV3m8E8MrPhNj4w
872,g_ir3650aeD90mHpj0FbtA
873,jCKT2AfKi8fZUbk626O_ZA
874,cYByBVvU7UetWjnd2ecZ9w
875,NhBLmGEUfzm1nLznWprURA
876,eXiYhCXNmwdWPwPSFe_YeA
877,g4mfnRoTzKuX5qUVSfmp-w
878,moqmR4ZLJbqaldiQ33KAyw
879,LVDkgj0d6iA5ApCKXB4kww
880,6iJW4OfcEd36uOcAPq_jTg
881,zNx9Ll24rKuFnVv1wO9lXw
882,vmz9lMieICyu1npcDTakaA
883,MDJdqgUDV9jRjyWAMsmtkw
884,B2juMi1MEVrl5r2FdMFQzg
885,ftFZjg0iZVnUYMIOh9cMEA
886,SYg4tIa0sVmI-Tmi2xqfWA
887,ikAo_nxtQDNuzJSNAngdPw
888,a-gfG2v_0l-5d1HPfgJexA
889,qt5xA4c30DcKKDE5sJ907w
890,kH3p7Ukd8azHUnGD9yy-3Q
891,bJbO4rRXf4lbT6jn6vUveA
892,e-g2XXvJdctfKKys03-RgQ
893,LTvo2Zpk9tSaYQXVoE0i5Q
894,bJLycofH-6xWwcI1MvO70g
895,SQtx_JRx-YOF9eFrI__6kA
896,nx-E3ATJzXeWkHXbvAnv5w
897,y-5ZSNL-JS_C3p0ZtywCLQ
898,XxULY9TGjZ3AgnVURaf6KA
899,arvEZqise8uNj-OVNacbIA
900,McmIyFzRj6oYv7zH1yQkNg
901,eI5V5_QcC2YnZREYwQoCMA
902,ck7p9UmeT6RxFyS5b7GIbA
903,9Keoc8s4mSZoN0_P1kmhPw
904,5Z-ucKK1G1ByjAHSEAm0xQ
905,VJFV3aPcDuQ4A7iS4MaBhQ
906,J6us3sQdJPk16g-TdeExcg
907,LmSTOXf2nldK9KDZ7tPiZA
908,XEX9CG5UTQxymFlW3JPTsg
909,WJR8f_QNG1kuPq5V6RxeFA
910,sNWzKjNkv7YdcTF_329kzA
911,Yk7VBd_xnmVjcSdsCxd1nA
912,cGD1KsjpS5IV4hxa7MMoKg
913,mKKysM3ARco86sTks1ZrgQ
914,sQblfI5c5HBfbE8Nmf7Eqg
915,AFCSE7BT3FGle35em1WWVw
916,e_eJxZa3R86I7Z9U965FOg
917,F6wbCPyBg8pTtUced88t_w
918,5c7238KRR8V5eVwKr07zVw
919,MhGlK-7xVPcPoY6OgE74tg
920,g2Z_Erv8SH43UyU13I9akg
921,QNFGpz4poQBnpwzqVcTfAg
922,Ov2I3WdxplWIgn3w2NRvzQ
923,XjzZsmmk5YJo2tx7s15BNg
924,MXEhEm_zE0lyv3d40fd-Cg
925,NUB-tT2dDovsgxQgZdYV4w
926,uIQ28aqyEDoNU6X8aCK-IA
927,Kt_qDZjD4HxICnI6q74ZPA
928,Iu3ed7N9hiRMLb4Ry0Cncw
929,SrZueHJAEuDbYFBkYZu2Pg
930,9DSaj2oC923TGJC2gn64Wg
931,HFvDgwvnCQU2MjNnIRfu7A
932,2raHf3xeyFURio9kRGQYBw
933,SWmIqR3MUynDKBrPuNv6EQ
934,srVHo_Xx_qX-ZLsmKg2yYA
935,KXUloBqBgdChetkAXxb4cA
936,rBTMhe79-OA6TO8Fx6X2xg
937,jMNB9J18VKrifA8OEzKlkQ
938,bLBLG-HjzybX_nSkYs7GFA
939,i6ZR1GyLohCKWAnt0pzSWQ
940,ZtrwvNHV6Cy0HPeQ77tPLg
941,b-VRBkRq12_-tZ54PlyugA
942,gKDX5w4POmKRwFthTDtTOw
943,QZGuhWwZcIn79BGT18NaYw
944,pYMeNkXK5lMbvllI83x72w
945,kMXPkvGLJBLgkZVLPQmSlw
946,6agsXSbS6qOI9HgLTTtQTA
947,y1va15NgObLFLfmSr4pIzQ
948,xTSaCzz-ar63UxkvkMuKIg
949,sgWiefgAzlQAtvYJ-VgFBg
950,7EclLme-Y4MRB6A6_h7uNw
951,IgF-qg4jzFWx3lvX4-LkDQ
952,2WxuCiD9euHNajkAPiIASA
953,_lpmYB2k6ZOr6id_lSyYhQ
954,HrZztzf8h33WoeABJ2sTGA
955,affHlyKQXUMmQMP3sCyTFg
956,QSR5iy_zz3MmcillQ-ViJQ
957,naRXXuOiB5HVsoVid-k1Vw
958,TKhW8KMlkfi_8ng0OCqVOw
959,N_RE-IAySwltFejmstWQZA
960,ZyasO9zJU2TLCSzHqln1Ew
961,jjdRuXMQmfdJEoIH1PQg_A
962,aS88KOLsM7LaOuNOtZtK6g
963,izAU4f5e_1G8_NmZaBcn_A
964,9muMd4r5WJZfTFXbX-1_FQ
965,MdEa-kNh4ebywSq5sEzYUg
966,5YJJ2kdjXTSM4KMLSAwgPw
967,uSIe_jcQg5K9VJpEzKjY7A
968,PLuAjM9MMExNk3GgLDiF3A
969,G2ICIHSjB4kuf6ZhA1_OZw
970,AK8q2vlPo2WvR-6WUEc2Sg
971,B7tUZMXIkZAFt4MrCnSbiA
972,X0E9rQO24AmSpQ-5OU9uuA
973,3AIr0TOtyVgQhWG6baUvQQ
974,m6ZR2lrBlWaE9OACvhrcpw
975,GV5VwE0sFjvufrXRE4UEOw
976,vzBY9BXiTLt19b2AzP1SOg
977,qFITPaUIl_uAGBignFCRFw
978,_wl23U1e-Gmj6XQsWVrhsA
979,iNputfx8fXKLluIQIsWJwA
980,eluM3tm4BcZZ8_zIruvuFg
981,kU_hZt9Oscc7QLdQPDUotw
982,SAcMLGc2yRsuk0v6S7ELNg
983,An2DsFJtpPN3VbNYqbNknA
984,8SMml5v443cYXoFCXe8k7A
985,r86jHLjRAWtDrU_7Cj03yg
986,bAB4eim20hfNegCTbkPQDg
987,1ZxeLwkqRnNEpqA9dH5UEQ
988,F29AxszdLBtpOHeMXhTkHA
989,M_12DMUnrQmRNk5kZiyijw
990,ynfMCrmbBYANtSYgxuy2qg
991,EzWALTGnHHJwgMcOhyN2SQ
992,uBSLJfn4iIeNxb6yBLpDHg
993,CDUBPe4alKt1DWKreH6RDg
994,qUh3rfRi7puOjGUQyDzO_A
995,k8eZr3RRvakQ1eHn6kJKhw
996,bMySUfBWwewn6tzigaJHSg
997,qTBhHxuTj2j6HBHGNvhTjw
998,mqeopP9TsEBnU8ub4Dv_4w
999,c_PK3xWWEnoozDuDifC0zw
1000,lpb_Btdi6iRLHKU812QhUw
1001,MFoDRss_gXO4J9nNxkxtFw
1002,dfm69NWJMqvLbQBKlaFd7w
1003,D26ECr1qiKJJskB5DZ52Rg
1004,WTrfSKHdZ3YmR2EWpSOYUw
1005,rj8kIy3m-Y_UTUnfN2vgVQ
1006,Ns_vJhb0X18Vl9VRTsj1ng
1007,k-rE8mVMh_rwL9hFadYdbQ
1008,aVSn70n55tJzr0N53_QCcQ
1009,GUe6KIaLGKS7gNy5I2uXYA
1010,XQQ2TFdB38hlmLnZz05A1w
1011,IkcXrCqGZa8k9LHb-0az7w
1012,a05xm39UR1O7pP0G-FYldg
1013,k0e1S7ANOZl0MdyQvYNGYQ
1014,KfyONqfe3VVOBiAL9BkFEg
1015,-3s52C4zL_DHRK0ULG6qtg
1016,i_6w4JDZHesFEKAxRJZzCw
1017,1_ncjo8eEq3ggPgj5YZO8A
1018,MvNzOmh2OBygvRRpG7GVKg
1019,azS8ebmWAwkduOOliLQFJQ
1020,xc3aZWwzxVcD3CQvgpwcDA
1021,9uYC0Ic4BI4FPB_NDgkdWQ
1022,4z5xJJ0zEr1T2j13ygGJ8g
1023,tnhgC9e4dmrv0XL7ypIZxg
1024,eYA-sgth53YnTlk-jC6JOQ
1025,5uhh9r57Sr24bJ0WDZQHrw
1026,yMfcUAKooHB1pXx5zy2cCA
1027,yHByhenDmx7pX1YAPecuOg
1028,bitDE2aK4yoJkBBw_EPW4A
1029,fwJr8mZu9cWTplq3Cm4dqA
1030,RhAZ6Ngkm8zd7ItGJNoRtw
1031,QT76PggHNvPtzgOJ-zns6w
1032,QojThLMNylD7-N4q2dY9Qw
1033,zaXBgXiUAiaQY1YgCoy7uQ
1034,vxbXWqHZ_9p-VuvnWdhBwg
1035,pn2Y9udA1C9Ox1RAPP8zxg
1036,fGiFuoK9HuHvA57Rp0HZBw
1037,1sQcISj1OTsjqwW7bsBnJw
1038,lyB5pq0TTB3-aBeh8LTrQQ
1039,YH3qLDZIW7QXzIi6ZInsRQ
1040,qv-AQbVFnDXR76O_GDqAHQ
1041,ALTtmuSgL0n9SPy660a59g
1042,zVLj8O4q_TPUCmaPLacr7A
1043,44ZwQqCtNIl79OaVn-sT7A
1044,tqKEbIpSOy_Fw4n9uPVJSQ
1045,vFJTqMONRfC6SzYFJF11hA
1046,aRiVmnlUK3qWx37kWl9c7g
1047,vPe4Lr8kAg5IKTBQ100Qhg
1048,v22SH4Qa21BlFJ-ldMq01Q
1049,RMlpZySGF0FDc7f48qeF3g
1050,b8tmcTnk5p7DtOCNuo71JA
1051,XAy82ByPrwYxXYD5cv2-tA
1052,CG_IuZoJ69JjKzTZegVpIg
1053,ZaEEy3ENB2wlM41n5V1mvg
1054,VVNrT1qGn3Hgqb4GW14ZTQ
1055,VH_i_BC3kdxm6GhT9jhTzA
1056,2kbbZjA4xakNKI_KS6FehQ
1057,GSgoQusOXsfS88McJFQP0w
1058,X4OV9sDjqUhi-TFDOZ34OQ
1059,tgInaFENvZf-DL-vJZ3_Zg
1060,OHH18hww_n6etjhWmHrd7A
1061,NsANYPRk6fTDzv9bZyxLtw
1062,pSVBQGL6bce5OrVJ9r3DUw
1063,ZjP7WP12DWR5iTasEGQbYg
1064,9Vg8SC9UQFppmIVebJ_tpg
1065,vsxOh-Bc5JQJtKKwS4I0eg
1066,p4YMAde8SpSMWw9ttBeQSw
1067,a024k8S6OXKbhYMYtFT-DA
1068,sWrCAv2L83LZyT40egb3Pw
1069,gcmKNG9WVM0w3a3-bEsJ-Q
1070,3BiL1QFjzE-tkz1vxFUVwg
1071,IJfUCoeRamNXzfm4YFeRfA
1072,lSNeKF4exdlcc4Wa71_fZA
1073,USk9qpYcY6CdhEIM-wi8Mg
1074,SW78sY050lAB1xn9z4IYZw
1075,W7JW2BqQmVke_VBnvFWIXQ
1076,VmIyhVyP5kQP8ARtsrsIxg
1077,aAmv3OhNZtCAbg6agICzUg
1078,7QxiSTE6a_DjiJe3dG3z7A
1079,FD53d9gUF5-CiH7fnL6I2w
1080,_KNTQ5U2qynlWqj0TcMJwg
1081,Yt2tJ4pVldmb2hRgXAqcrA
1082,Qvy-RahxfTDswvhTXxGbqw
1083,KdpQOJqQQ4Fc9BXmJpx1MQ
1084,egU16D3T6nCYjrh_I9yjQQ
1085,kc2xQQ73Caru_o60biVfCA
1086,JK1aBR2pp38Xs2ohKTOY5g
1087,wc-IqCY-V5RBOeBj5yranQ
1088,r9zRhQIUtoCPvGR9WNEh6A
1089,ylHvN3JyGBK3HbZL5upmKg
1090,gqiV0W8IjgjRr17w64EOBA
1091,2XeuoGqdvO1WpaKgBw2Ehw
1092,0w3Cp_NUyaOOVEwZW4a4XQ
1093,HhP1DbH_fWP6936ZxRQpTw
1094,OpyI1xshSI42bZ8p77D9Gw
1095,Ioarv_2ZL-bPct0a2rRD5Q
1096,aeWOu9RVOS5ay_ikMMTNyQ
1097,VDBObP2UXPPn4Y1jmxiSsA
1098,YPAbjgwACaaW-hHvaLLAyA
1099,CzzbI6rcGYVkb5_IbltgnQ
1100,7WGn22Zdpq69HW1xGVXQOA
1101,CJAhgR7bEwLoFqzLyvkwdA
1102,8jKUbz10y4IC4ojIZhozdQ
1103,Ggc9gNZmTCo9XYocD5kwxw
1104,fp6Lx1lYWSBMe4q8L7LJww
1105,pQGIQE5bMLQeB1PPgYEIhw
1106,WOVxoiypAheuayiHg3TS8A
1107,NV5tYRLOG6pMmXe1vQt-YQ
1108,q0UDuKAKnF0Mh1DZSdFXsA
1109,tLXig5u5noANMMwT1K5vSw
1110,Jwy2sWVD84PdAtqLDbnWyg
1111,agc26NzMjdyBo6vbEDG63A
1112,KAIrcUaU-MZdANUOmQWtNQ
1113,4kEaOSIYsBu7dYeT_q_aNQ
1114,73Wd6nTh-j3jY5xqwDo5jw
1115,6IAvTNMpMwa5dAQ_k6au7A
1116,tbzgEQkM6IXlku_1wPLtPQ
1117,jkWEOezvidDgwmEkr_8-sQ
1118,uJGyuN6x9Makvi-3Rx1dcQ
1119,JXC4EVse-vbTApzuBotSHw
1120,IhfcE97pSdW1wmYgqzM0kA
1121,bZ39oPBy0iKe7X9xZyZZPQ
1122,eBXuEYkYzbkx1uLkcrph7w
1123,K5JwaBQ5-CDfXa_YHFnpdg
1124,ro5uz41bD1-yrdum0emjuw
1125,jMheUdIzVCVQb8LSNh01mw
1126,gkVrbJT1i1CO9eRSEhMncw
1127,wdhkkKbsNRJCNdefciW_Tw
1128,LQm-esVLc_DTtJnjTY1rdQ
1129,EkJM97aV_a9AXfw4UMoUsQ
1130,ga-pEvLBQ9bnI-PLYDRRPg
1131,z7dQwKyvn04oiOQwCD0m9g
1132,QPv-BrBvq0COquop1KG5Uw
1133,uI78rouFJo--XkrEhagd5w
1134,E5pkuj9SH-WP6oiUjf5MBA
1135,6_eJgiOyB5mTQB3JDtnOuw
1136,c_jb3jk70CvzQpnOHNx2AQ
1137,GWpjeb1igcpGC6BVxWfpaA
1138,sSFu-ReG1ay046bu6C4ZMg
1139,lz9ZUqzButh3VMlslxCCWw
1140,MBsuF5tqYLcXZ9sF-FTOcw
1141,6qGNfP4dnlVOPOQEtzVN4Q
1142,Q4sCZTfWFupvS0GNlXhTcA
1143,tkxws1WlQ5M6ZQUOMKUEsQ
1144,zCASNH25GTirvxqtmzuVVw
1145,2Z5Gi--4DOD6SkpauinkdA
1146,A-cnOgMGx7Oz1bhXlCt8_w
1147,zOG9gbfq2utEOpkAsNsJ3A
1148,G92zj41Qb6NKoekWeixYgw
1149,VI5gLnocm208LQlGHvQGig
1150,e8745vzUgRqSzSOz9K7luw
1151,MV_4dpqaEtb9WDPuSnELwg
1152,0EXEt0siNRtw-987ajcoRA
1153,Wfl6nJcV9CbJUf8Fyt0KoQ
1154,5jLaqKFEP86CD9lylQdyXQ
1155,Jn1FyC-TyHJ1IhE7CYTlQg
1156,dgiVMQrLMxYubREFUU6QQg
1157,7wMyfukjc0_XHxPCPJaFgQ
1158,Re0D5snuHFN9ycAfC-aglA
1159,nogmZJgFs3aaP8Pe0oQ9bw
1160,gJqZ51sSI49IFq-PnqtDbA
1161,XvO6Obv8OdAJwPCAipjz9Q
1162,k5IJJ6dldU4AquEvNMKbIg
1163,h9MPh8qKgr8e6zGfr-uBNQ
1164,BUZYVb_byU_3fTSsuK2pDw
1165,5IjQzc33fp00s0v3iq0KGQ
1166,mcK2mQluQsVbrqSWCXMvEg
1167,S9khWKhWScruEhqBdGc_fw
1168,yF1E8hueVN1AsH7h9Pn7vA
1169,A1gvPCy5VsnPS0HN9-1gNw
1170,govHje_eTkz6lwM6v9vxXQ
1171,eEB_u2Fs6r1Q-585osabFQ
1172,AVSktgmzDtWfr2spjR73AA
1173,HMXSOMkssyfl7VpebOWQaQ
1174,iryDKCdVVSqis4yjztuGSg
1175,fCvPEWwYxZE7lnMx3RmWAQ
1176,jvV9k9-wDk1k579VHD4wbg
1177,SIMUXc_DeHY_koTlwqUkuQ
1178,Jn11zGMgzBMu6C4D1MURVA
1179,IEFgc1GsZL-6wMg9ymGFIw
1180,3ehxqyZNYsQKnksNan0iSw
1181,vvPCigWK6CQXjfw9VNodZQ
1182,sOVudgwdRkZS7M4uLOqUXQ
1183,OxF-Od4xq5d4cxJaMkym1A
1184,CHoVkiMbi7TrHZlWOh-ETA
1185,nyHWa2u1xycQdRtV7p9w8Q
1186,uhWz_5McOwQaUoWCZ6e1mQ
1187,mlnSOJBxe-BI5KGOSS4jgQ
1188,s4-yoemRWQ4Ct7iIT3PdNQ
1189,6yXCUdjRQhaGGC8a6i4dEQ
1190,6MurdGSDSnBwFjqSlBZmhw
1191,717WbWR760j3CwMsEbEwmQ
1192,KFXkVlcc1QGTHvt_QZn76A
1193,BJs00zwG9D8R1q5UbLLthw
1194,vwlIeS0J8YkL3F4pAYjZDA
1195,m_BXnXodpiH0kdF9kzuRHQ
1196,w0Kk5vAs1fm58_Eo6kKH3A
1197,olmxP5A6eJtR34SO7-ii2w
1198,8qBVcl-2q8D_akzRx5og0w
1199,jaWLv2IMBvPl_ajupg_yUA
1200,WzibgRKOmpo-darbO0utCQ
1201,ZcDQRaYLkK4yOPEWINAzQg
1202,2-Y8ftWYRvQI-yg0ykOVeA
1203,qc5hBvaVm1JI8osptOWR6g
1204,oGRREN5L8bA6x1bg4h24iA
1205,bQMwtTSzTrKHx6fos8MWUw
1206,D-fhZfYYTRZp2OA9Zh7dsA
1207,SiTv_4dua3-RKROcc25c6w
1208,hTE49RcFHMP13XyW4aaEmA
1209,AREIIeOcekgd_v1-H74EtQ
1210,hcHIfPoALG2VbCVMXT2y5w
1211,8IGT2eXaLcbozUVRqEGM1g
1212,yTIdPXLae5IsN0oBXlFjcw
1213,LPmTPuiLxXw9tEfkfanjlg
1214,L_qnwqf662mPb4CIKBm9Wg
1215,MB5-O8NCvJtd2JSmV-EA8w
1216,YYEdHf84ePbd6EpNH-2DLQ
1217,ZnjGXVYBIhA9KNLYuK64bw
1218,K9mFGnr5VPujZsn0dXbuaA
1219,SYFhz_70O1BjCD8FDu4u7g
1220,I-uigYW3ID68ory_MnyJ4w
1221,ZFbQCcsBgf_SjS8xBOxtjg
1222,84FwpUP46g8xgnADEv3_2Q
1223,__-AT08qp6reGfRVom2ahw
1224,qzgvyRFEhLDyHIFLWZh5Yg
1225,_VCIhUK_WVkEBmY_SuvDWA
1226,yWA8xYalMdCkCpf9CCtCWw
1227,8d1ZGeHY9UXRSbZNdUX8zQ
1228,Ix6Nr23_0LqBkGozg0jh8A
1229,qVSAuV0_j2QgSgTvmtxkFA
1230,gSN6J13igru7en1gBaTFGQ
1231,QIsCPeIobaAHVGQqJzPI8g
1232,My42jQ-s3sgp5QD9fyrqyQ
1233,kmBo8Y16sv_Afu3iKhPXrw
1234,nL7ue2sJABmvBtwH8YkEeA
1235,APobi5BNrhtBUVRpkf8XiA
1236,zQflK7rcfasKVQzyK5pkXw
1237,DjstOXvI3c3YpakM3G1f1A
1238,vVi0kr8v8wqV_eNW8oXoWQ
1239,pFMeGdsg6AQPZHFQDaxrVg
1240,ESnNv--LaKZFpmPV0oF5zw
1241,CfdNotZIwhhPvdlmD5oIrQ
1242,uvAdwsNTDGc3Zrt2MREdVg
1243,7CY6P7xIyW8Z4KbDjR7dNg
1244,wua0OKN0wdtwrgJZXMbOcg
1245,iEhdWxeMwZkTsHpXy2eCLg
1246,1SScilG8H8_hmo7Ry2qk6Q
1247,FUItxnhoRjSUK6yzZS2F1w
1248,SbzzoKqiIjEopR7YItgmHQ
1249,WUS2_SKS_Ph9P9wjuNVLlg
1250,iVlYdUVFoKctixlL9_NwgA
1251,PHtVf8iO2z9d9Y5TMw9JpQ
1252,dpn7yYzBTxvE2Jnek3QmUA
1253,I5s1Zbu4uXdEkbVztmnVRw
1254,SJiTuK7lBQnJTHJj_lxFsg
1255,PhZyU7s3pw5-kOWy0Njodg
1256,fqcQ9PWkaJz6Nf48uyn4aQ
1257,C1k1IBlGmUa0uL-2bDFMUA
1258,tT3J_gr5K_qtyV49nQBVBA
1259,rewJ7EOYAuLPZyq9FbvH_A
1260,xAO1M0NXtM-zZ5OZY85G6A
1261,2b2XfcOGEcNQYpvBF38Tow
1262,eActOACqipoT9tt0TJrQhg
1263,FfUvoqoM-sK2YrCyVfj_uw
1264,j80er-XYUxoYVwcDBiCqrw
1265,Hjy21zs--sNCeqdW-4GYaQ
1266,lM34VtKyy9iORqq2i-Q5_Q
1267,ZUtBHKlNLGGOKn72mSm0Cw
1268,TBW-62XnwojhbC6FSh_iyA
1269,yqS91Olnd5LHGB2lo_GwvA
1270,_ipwPfNNP2p92CwrdDELkQ
1271,oKRZdPCf2QAyFCqbMYhVjA
1272,X465_1EZsGaVbVqrW2S59w
1273,EQfEA6MCYRRgovyVyrVcZA
1274,yFYVsFtVLRm8hWRzyliBMw
1275,YxCYp1bag5Jli6RKkd1LdQ
1276,RDZlKH-bHsQd82dO9WWaPw
1277,RHjzArq2Qaq9r0aIXTFjaA
1278,creqzAVcYdqkx1U2n4HMlA
1279,VsdmbzvXkuZE0nn2bBBfFQ
1280,NyMcrwdmfV_8A5s07rNw3Q
1281,kziWeg4W0_E8fVa9jTJCVg
1282,cXvsJzq3EHRyIXLHWJ0RiQ
1283,H32QTRV87Q6CGTVUm1Z4QA
1284,OtY0zVowVlUVLivA8GXXDQ
1285,UjszYw5ZDvpGYG9ublrCow
1286,6ImKvwZzCTfD2kI6Pt4g5A
1287,uDrB9NdIxFrgE6ySmeDYXw
1288,GM5T9Z31hYT8zLOPegBWlg
1289,F7FER3dUHjTBFAAYMyI6sw
1290,UMqzY4DHEcVynF7nMaiHOw
1291,u5HGHKg9T4KCkSygxdpxng
1292,1zDDmTUXuO0kZfW8M-UOXw
1293,tfuLOT9IrOvz5nj9kbYWpg
1294,BUZBrXnTNMbVREN8_JKpxA
1295,RhqceWeEJqWQQ_bYRSvDJA
1296,uWPnk9XXYdezv7_DwDjz4w
1297,Iy3mIqipBRWPgpMU5L3pQA
1298,nwYmn1wN5BLqeRR3y5RHig
1299,zGtBcEeyfMY7kebn5QQe4g
1300,jjrLlPtiSwAR9NtuW6YVIQ
1301,yvSMig9MdNQTFLZ-niIPWA
1302,vp5T-tkotFgq2CNzWNDSwQ
1303,7jA8-ZhYwd5O_fXlU4lMew
1304,OA6drUV4pLtYT-NMMt1Qhw
1305,gFdMxrQnf7Q243zSVgN12g
1306,fzhtqZg0Jm50WFv1blQDmA
1307,jxvNxfMQ-GBydUoS_YT1Ww
1308,wu-KCcbj-WgYPAuiVSqzZg
1309,lml6FykyqAxURGJaGA8tdQ
1310,IE4xKfypWuM3eaaq5q9IxA
1311,o-lycDZXKQ-k6vuNQy1ysQ
1312,eIc6Tw6losdfFq6FRcQbIQ
1313,RPVAC7Kb_aky1IkLyIxHug
1314,FN7XDJtxSPeY_90iRtzspw
1315,usaNwFsS8prGflX7lZkAAQ
1316,bFxLmr2XkvLddodluWjKUg
1317,aoGH-PDv5R3wQiZb7cLniA
1318,5Gzz6GoFbOZYBPBK9b5NWA
1319,Zlr6SQ7LEV3xK_qHh3rOZw
1320,eFXfjjzHCJyDM6flnOcAFw
1321,wvwdfjAYhibmMVrlyln_UA
1322,JJVxSgOPFFX30Q-k68ZeZg
1323,ozM0gplrP8fz7hKx_F_L0g
1324,fBLUhZp4ICZ45JSYxuXtjg
1325,LGx7AtgllP-uUi1dOUEwjQ
1326,zXeo9Nb1WU_QrjeSZbgMIA
1327,mT4nqo_dVDfiwm5GEIWJig
1328,n55vk2UBDJYlOtL8No5krg
1329,tLyT05mnr1Undx1hzO2Etg
1330,xtq1XLnKKUqL6o1W5MhXkw
1331,7Z15JMoBU4MfiuOhgjisqA
1332,gSuQuIuKhvYeYcuxf94-Aw
1333,i-cgCLf4pSjxBbRF8y8pDA
