S_No,user_id
1,U-28uzBtv-1UM4VIyuerZg
2,emIQ6lsuumqMVoUXpWVCfw
3,c_IckSYKt1Ak64_yGLtJkA
4,RphXBo3-b3syO4slvt7Y-Q
5,ddOs4nE1tVW_sFAlSn9u_A
6,PkmO99zR-93y5uWZ_U1sSg
7,Bd5NZMf5RA_NKhDdJQjL7g
8,typZpGYGBj7yL17ItOlQXQ
9,C_Y-1bwXf8FGDNb8N98yMw
10,K27z8C9Lw2WzC8A401sUVQ
11,v-FR8oCc7MlNMYo9cJN6pQ
12,q4shLm1bzoq6Yb7CKKwjHQ
13,sCuQwc6RpgP3r0HDUHq4Tw
14,YJeqGkNIePgdlwF0qf0nmg
15,U-OPhnVmJaot5rEY8Q04Zw
16,yP_wP__7oaql7niBzjfATg
17,OenOgwr3kTwEoFJtHC0-xg
18,SXztCSGQ6d4UZkRHsqkx6g
19,azfCdN3dhEye7Bbv-jq2cA
20,NkBzWq2rgUolH7-aVn220g
21,9TrtZTVlzKr-OnGrxPZzAA
22,tIpElPtDBO9ZGkooqEcwzw
23,0kpYUmbl7rbPhg-svtEE2A
24,vi-Q5F2sXQJdndhNoMhORQ
25,87_GT4y4EHP88LjlPpl08w
26,7JqvIc4wlesohrYhtHlmgg
27,8HKy5wwlFBqZBsz2IM9Eug
28,rtjm1EtJzjEaYns4cFzhPg
29,hg1rD_uoIBovBBqNpYe7ig
30,i8U4JK69g9EpceDzWdInjQ
31,qyM7odDTCF0IRHa_Rzt6Lw
32,Jc4XpTbsKxQ3KUt99IYRoA
33,H7NbTLhdYytfkDJJf3gtmA
34,#NAME?
35,Y-Ou9LMoKUAB7q4qb5nn1A
36,MwMHtbaTYh7yt4yBpPpJgA
37,yxr3JnEKkLxONRF7QEgWgQ
38,i5smbXcZJo9kVqG4W-9YPw
39,ugwLm0EbP8-NmH9EKeq4NQ
40,e1srIujt9JCI5Qlbztxbtg
41,GJh4Qv6jmWl2vjG_I1MKvQ
42,YZ57VdIC9QQpNj7Iqw8s6Q
43,rN34gbX4mTTFBlIJHFXJOg
44,29buG-NLQkLHwz8B2Newcw
45,V90K91UlRqF7bcOdZnWSCg
46,hbTL6gWVrXhd1AaRO9iz-Q
47,rEPYrKNeNQ2FZ07LJkhhFA
48,IwVp7GGcL_xjCUzURKJyiA
49,ghRJg8K1DlUCO-OesK8K4Q
50,8UcQ9UqolIiwQg3aWGhXzQ
51,icrTK2RZypmVWdXCbecFTw
52,bGW_8DAE-oWr451jY9IZYg
53,bQNzKkQyD9qPH57VqAOPBA
54,Z3xYQFOLsQjhleXuMgKYMg
55,KXVuEmLdmw5Hr_HNIkTcZw
56,nN1lCKfFT7_a8FXQvmhbLA
57,g0mvv-pEujFL6AAltYmosg
58,lDhuuMEfecovcC_pHVtyXg
59,Z9yVlAL251XTAOwtsoPHIw
60,H3IKBQcM-sL-sDpwKC6naw
61,FJLIbrV2bBFKm9yCyBlaBg
62,vUuOdqoGKTOy7XL2bK0S4g
63,vUjU7f8fic0IFzei2eTifg
64,FBdooMwXnfXMTsfcEOULWg
65,CWnP2coXn7AIpOpghblrAQ
66,yhFm_pqD1EGGnvJuEPlQrQ
67,kDh79NfdS1iiRc8SrdAsoQ
68,ColwnQArdZYOefRJ4X4htA
69,LR9pE1kZLHdb6g_FZd_ZDQ
70,yT-GmAwPfGsb9uMV2-0NCA
71,eBSi_YB7h7Xh8EM386f05Q
72,Pi-YkSZQbvboveE8h6q5uQ
73,olOO7-iuKmd5CSgzuj_oTA
74,nzyv_Kb-WPIVWeixH80LGQ
75,3dh_P9MCaAj_5xRek6Mh5g
76,RXHuqqw59JFsk1MKqiwrWQ
77,gNlqBz6iaAmSpCJvd9BHOg
78,D66svEQ-4YJOXKnXjpjeIA
79,2adIaoj1nt2m4UFfiJvnBQ
80,GbQ3WzXomZiUG9E23L1vPA
81,UX-_XdyGgtjOanYKPaMDEw
82,42StyEfnLk2pU2BePjENyg
83,--7mgoHl8OPc-Fo8mcJ6Wg
84,upZSP59pmUqi7QAQhU3l6Q
85,fN1C8TStPZQWX-Fs6W275g
86,fLG3DmGxJeaBcDSlghDEBQ
87,6B9PdpEl5zAcn-YAb2WGQw
88,aeK72Fd4b-ptwjEFBZV_uw
89,QYq3jFJk94-g-MOqMb8yZg
90,azyruo9PCZFo-Is4d7mK0w
91,rahzf626SmEp64Rj86SqgA
92,B7Nqy7FDF8RlUlI0CpUcag
93,JfW_ZkvWvRfAYPjdNZFSOQ
94,9hyniRTepoD7czzS3hIS5w
95,tpbYWzmtV4ysFQz9KJXKcg
96,exX7ER7r9-AoOS2gOeakJQ
97,I26h6cvsLarGRqITmrk1sw
98,PVSsDGYZ4y8cZbnKaMRcSg
99,NRyo54o0nbEADuW0D05T5A
100,aJITpFAAEbfJQ9uAJ74byg
101,wR_ccXhnr47uZCg8EleQNw
102,_v0aC8HVb30WT-iXbbIcig
103,TbLsP5pOjxHvm17MsukK8Q
104,onY0SO_5Zl0IjO6R4-SVrQ
105,GIhNhRzjZhJylBKplZVS6g
106,68ivg3EN_8hR6LPptaxiiQ
107,TQCSj5-SgTjuMx6eEEAiCA
108,ORFhyW8oSJbns8BTSOmNzw
109,q--tunc_TsR-dJFer6dSNg
110,QqQuPRLgj5NFJq4O9vtYKg
111,Wg2jZVM9bDrwWLbBuvrohw
112,2pQCtMkdNUf3st4DWUtiXQ
113,HvmDeXHPOhwi-WPWqqgTkQ
114,vwQvO99MEsgBRabk1NGxnA
115,VeF_LHvCIXc4M-VJiAKMJw
116,Oiqg5rvMlTRKnA45Yh3X2w
117,bTeE2S0Cayb4J5xkgVcTdg
118,Vsi6b2ELbIB4mx1XL_a0FQ
119,eZ6NW0k6BB6o09VFFHGPaQ
120,ROjkfCj1ZHjZ138MMF_VBw
121,ya0lK4VQYYjkTTm_LkxMDA
122,qE06QrXrMieRNtwFkD6xow
123,WrxcOuWym0MVW73pbwZPkw
124,uVfoNVWyoU2NyPsL0tt_2w
125,fzKb5nL8041EsVpwaadxlQ
126,dB4-A5dGqkJbT5dmfQjGvA
127,ty8V7wirWEkk-eUfIDw3iQ
128,IDt_siu8JhVzBfaarTPkvQ
129,dLMg8D3gzD4_i9i6FxR4dg
130,l9YoVw5PIDuvRxa7KiAkNw
131,04Ni6nAQPgZcUtc6_BsVgg
132,unai1akCvlPOXISrlzNrZw
133,nwdMDWIJxr0L9rTDbL9m0A
134,GJSmqILxspdZTv0yud4Kyg
135,LNpZFH1ybraijqSMsybyOw
136,k-djSdNzBfSfcmmUt2rzmw
137,XmBH3fGNg-HnfSFUjqa5Ew
138,nC7WVwVdlwopGNqQ97IKyA
139,GvDFI9NzHqGa9EuE7l29Xw
140,Mn-8XHkI0Y6JyzXNwlC0bA
141,qUVWVEhbKNmNAB0CmMIc7g
142,C18sAW9jO54YTn8VsVp95g
143,Naq-dtkLp_BIkhXugqE6zw
144,lvHft6JdOMBV_yLBS5GYOQ
145,kzIhU4p2J8Y6bwXl8ir-BA
146,lowcippJxgw_nAOoOP_78w
147,77HofDnyJo2euYbd1UD1hA
148,LW3ru6t6WPapDYTuvWxb3g
149,fcjICJMcvu2wf_GErVXpLg
150,5DhVu-WYUQenQ8hnkOZRvw
151,TDNBz_ZWz6zlMoXkWuliLw
152,BBcV_8KdDsyyJwwqPG0O4A
153,7Rbs83ZLmi-FBzK6kLxnMA
154,vniJjf-jMhyscE8VtxsQ2w
155,NsMTSYndXJr7vGJNX97OIA
156,vyYlKzFQi4IbIz1K4j37xg
157,tvRhrOreXVbTULpO13d3Aw
158,x38_HqZJBhrEjKceJfkszw
159,ACSmutBwi3o4VWuJLBfRrA
160,IxR_U24n3mHwmikx0f42Jg
161,l8P0OegscL9uFw4RnFk2eg
162,yEd75oKBcbpSssKga5ahmA
163,fJno8NKEYiSutL7cL2Wewg
164,jdkgvbLYtTFGzMN1GHGi3A
165,Q71Mh2dcnoOHSjBh-CPI-A
166,tzB5d7c0R41yZORiS_W2iQ
167,J-Yq5xrIH4mOaxUu-MSqfg
168,wC6976JJvy3O4glIoTz81g
169,FVndKRU3IidTvAhOtIKlvw
170,flpYj-MdlEdq5m6ayw5W_w
171,WuFGYyEt_JpogfT9DVb4kw
172,Ym5wWsbj1P2as8M0XWQvrw
173,S9qJYyiSiYd8dqx9pu-cfg
174,petrkZILTE0fFxRGge4JBg
175,Hy-FniiWG95HJbWFpjw70w
176,b_bLt13lPJRwueiw97tqwA
177,1pJ_7JtVmWT4ji8uGSBqXw
178,BoEdS3gtV_PcEscPgMU9Kg
179,ZcqVI5c_LPI1Nk1GPOtAIw
180,HVIgeqZCJ1OdlweX_4AusQ
181,iegtnfRyxfmWeeLaYLdzOg
182,KJbAGwp4gNUXap3zttWygQ
183,wGJBxaHy5jpJePhbNNoK5A
184,w_DEg-I4bE8Ck__OMdI1mg
185,dQefTx0hF1Jh57AvIdy-KA
186,eGlrUowreOurx3RP-3d8MA
187,5c8O3Y-FzMGrC9yvpNtiZQ
188,gAvuqk1q2uAo2BJzZDLmDQ
189,RSLnk8CeHffKVsYZx9Pgsg
190,nbJvvVHZiZSmn-eup9-R4A
191,3JQ7ooBIXpC53zRzxYPWpQ
192,4ssDCBvb9LC2cMpWxjhpRQ
193,NK8_MLYyyMN6LQ3aYoR69Q
194,sJZGQMhy-k8qNguykDMoOw
195,G8OLSiZcwV3z25Ihfpv_UA
196,inG2oIDylX1kLsLLujXncg
197,I4GWBD1QS9TY7q7F0ahMMQ
198,d6xRFg4k5ftfG44K-YRDXw
199,uxpaTbu4sjblL3c6L72HTQ
200,WBghC2tNKK-ahTp4gTvv4Q
201,7_wtOOklYEDHksCoAZIuTA
202,7bGGArTjzSoYDN6udiuw8g
203,3__SH2sgtrL4fEX7ppaLhw
204,bya5Bz25Q0WJQktWzI3QfQ
205,soYhmH3-s1D-xjDSNTaCUg
206,XX9IWQh3jU-WqYCYs3ybGA
207,r--XWfa7DdF43Qzcpr_5Rg
208,PM4Uqkwdg6yFXNjYZ6A6lA
209,qoybd37h55kyV3uG43VK6w
210,tDKiV-moKWu2H1iVUC6MpQ
211,OUw73t0dezdlW3gCzKXw2Q
212,qg_50qA9JtJy4tG90PdGlA
213,W7aEbDu5Yfbva1sfUS3fww
214,en2pbhn3PYOq5ll4qPljVw
215,iKUnUh_Nr2adu3zOoF_LdA
216,9QevUJ09wdz-V80MrEbxDg
217,fHVS-Ljpueb6xQMUNH8tgg
218,y0L5M2w-D4edGx0-a6lycQ
219,P9r5fMuK4o70zigwhWJcwQ
220,sgj9liDmkWo-ByTzoyuQpA
221,YvRq_DVRo7StCzptIm7pHg
222,NZx4b2b02CkG3FkJUBd_Jg
223,lzx3g71WIvsbQzu0pHDHdw
224,HJkh7cwDxRL3aNhEkYZ7KQ
225,K60dKe97D-zrY8-cS1iV7w
226,2ca0pkLVovcyJXUjzpV1gw
227,5ctRkS_S8Nm864MHNOq2cg
228,FoRQFIwSXxo2PqtisOqA2Q
229,JCmJK4S9E1klcf34L0_B0A
230,5ayKgFmvWxtpjXJ2TCu0-g
231,yeCymQmgsL7-sDXQTK--hw
232,oS0hlyrMdpISlGBoUe6xhg
233,FaXGo0DCUki_qTEXeW62tQ
234,1oNWua5opLF9YH6vQimizw
235,Yqy501QYz5RqnmuwGgTftg
236,LMIk-zunoiyRy3Y2qxPyGA
237,aIH074IylGJ4htr1JIApyA
238,Z3ja22hLY82lFdsn68kQqQ
239,GA7rifKfZqYClaF4nz-awA
240,7XFNz4pgJcARKPkBQJpq7w
241,8f9kShvAkWYypVmch2Qnsg
242,1dEjX0Z0x3UcmCvBMOwXzw
243,mKq3gIraypdy1ju9sD4GNg
244,hNodhIoIEPslCtiD9xVxEA
245,Srl9AYKGHG-3l6LxXeAzhQ
246,c4wzjjsEx9P31vm_NCbEZQ
247,u0UfZqQ-8GTfc4_DQMcgjQ
248,WWkfY-K4xwfOnghyJOykzg
249,mbgSlwbigPtDBMfvlAicQw
250,3rIZHiM6DHpzL7ct4t5fCQ
251,AKSq2jLHwyIxKwF_Tc3Vjg
252,u-VMyN62LzQnW7GCOXivOQ
253,Sv1vy-Ym0rRnm7zdPjAyNQ
254,cDgUnvQWASo2jCBml7CZgQ
255,ikjTezm76UBCX09y5jCtcA
256,d5DSCmfvzqBUcv-ZTrAh2w
257,dPredKxaMd8d0mhZn5Km3w
258,qeQWe0knS29VbDza_p-HTg
259,R6xWA77EF4eEvFKAOEINqg
260,Mszt0XmlJaYo2I1ATq71sA
261,zNfR_5_nV5HYV8O-dTkxrg
262,kdmy5JbDAZF3L2oPPJYlgw
263,bAqmQo8Bx6C1Uym8AMafpw
264,eJG76m8y57DTYGVoGJbC5Q
265,pbxG1z8BpS11VtsYQqEshA
266,pelWHFV1hlRwV5LsKli6qQ
267,Z3AwxdEgdgMmn85unmzQTw
268,Ea9Oz2wuiatTlBRL142xGw
269,POwODjfiu8eqBP9r-5xLSA
270,p5CFxfEyVAeMbI25PEUYgA
271,OAWJgcpcuascNqf6lEKGAQ
272,lj1ntHKCW_3N5Z-qHFMung
273,Ual9MGgQKrZIWrRMPyYq6w
274,Q4GTQd291xBFq4ZqowH5Hg
275,4WFt59Xq6pLnuu4cdFRoWQ
276,uGcpEaM2ecZ2RRHsN-e1LA
277,Kk9X9zq1agx9dmwT5HJr3Q
278,LwQcBv5BvqY9XR0h9Scl9w
279,rq8Uu66Dt655SSPe3dD_OA
280,4ppNB4TUqR_cAqR4QN-jeg
281,gfQYSniX7rNxgicSw0XAfg
282,HUWPfofYNyttE2NqxAxJlQ
283,S5x3bBh7tXL70N2gLZn1ZQ
284,R7N6ONHYvLuTb1xFkWzryQ
285,r719TEZMF9S_pAhnlJL58Q
286,C0fTTzC8OVsLiwndM6JD2Q
287,KOnyVqig7B3IsE058BD9Yg
288,nRqfPSb-WGfkRd-gxp4gwA
289,F-Vm3CVFe56mCu28eDbigQ
290,XVTXk1owJ9Sd3ElEtRdstA
291,bPcHE7B5Gk5MaVMCBHR2-w
292,oZXJYVOJLTh31-x1PYV-QA
293,7yJlUVgjg3WUUKi13z4SZg
294,IjXGix6RLM0Nei-Pv0oaCg
295,o1bjR1aqSJGTiysIeuVebg
296,7EiY7km_RjcHUUcY4TT62A
297,Ce4r_NBI5m1dGluMP8sPdw
298,CA9TKSiqep2gvAkGSuaDhw
299,AqJarC9SSK-Ik-z8HXlnTw
300,KkckI6NrKwH3f0j7BJdz1w
301,7KZLhfYd3wyEzT6AsTJGBA
302,4dHsM3wi8cxidUAN_PUD7A
303,6VI8H9VIJ3xI1rIg98fRCA
304,WLqrcVSeTNnW8JvOcf-j6Q
305,1mt7r-r96rPXRJUBzNESZw
306,N8860jFuk3hocwRVZiEx7Q
307,rEYH4GqmTkgyW1NJHan45Q
308,xtx4pgBdeA95SpHhA1VjvA
309,wHDKQ0BNs7jGSpGQgpTgNw
310,nQqtZcL5IZnkfz50Egmq8Q
311,Uaxo8WVQa7UvWmYcEltCdQ
312,cyzGtY0BEElF5Yjcl-ogQg
313,B9GjqoPMBbPlJ0C2EP82wA
314,kf1pG6Z1atwYQMXmzkOOaw
315,tJ8Yft29RNuIxtttY2NfDg
316,CwSrBlzU3iGe80RAcKP2jA
317,VC3SqZNdoisbfD5zc25vug
318,okRJfWhdVzuZQdVlve2TkA
319,5860K8NYEcsmGeKgbYI46A
320,g8DbUR5afjvPRpTn55cc1Q
321,y-K3YNvdi6T0QifyNOM7Vw
322,x6hPMsRB-I_ixUNiX4YBiQ
323,vqrnKzOr6tevUp5KdJmyWg
324,hfcgOazXZj03VFUmGjoLDA
325,MJgnRMObb5NURflQm5VT9Q
326,Mn8wDxITSuttNxxMLtcWGg
327,AxvPpSZqu0ZUI1cURk-hpw
328,dtaKLyzMnJPwGGJXad7bsw
329,s_Dg0gNZmh-Vc6yLQ34_lw
330,QBXqBpSh314-eLELR0kWPg
331,FjFwSTMxUkUBl1t5VppkHQ
332,W9i2ZX5MRsrjKZtYXckjFA
333,WnSkSEVtOBdRQqYSN8ywyA
334,wEjo9IOIV5Rcx1pnWVdVxw
335,U-o14qPrro5wE8D9YHa9Ug
336,G9mq4SobSYfvwK8J5l6MWA
337,XiRjpHTMIHc9JQvXPhjpew
338,vHkGqZoxfzY6HCZyM9qceQ
339,rTycO1RlYf1_ZNSxaUbKVg
340,7Pzb8u-3fnnSoTvonLuHEA
341,v02RKaJnok_lMGx66eENzw
342,8zzaKHYBZGoVRIbqN8-Zdw
343,G3N-sxaElQTsDY4YRNBthg
344,G8CQJbXuRVErTg2QvpIBtA
345,1sAPtQNt0kTGy5bpkeV-Mg
346,gebjopWs1lTkbvbkWTd2og
347,_pwbsb93OQ2cOtUps-vd0g
348,CX3zVZCP6_TO9c-AHkDG0Q
349,lMl3sa5AS_Y8C-jKcahRfQ
350,5fpj7nLokcRokAZuvOlccQ
351,rdOm7kHatPGIWwfbqP3RUw
352,TH8d70nPdapcz4C51oAqVw
353,_3TzyX5mRpA8Afubqp6g9Q
354,V27LGvNV9nOtDsVGw9AM-w
355,M2EgRK9le8gt90zl6pclhQ
356,ttE3r2nGQgI47NQHFdzuMA
357,CHvLAzs9YOivYKTHZNLoWg
358,RLCUpQDnBZH8ZoAaPYrREQ
359,BK4lI4orhYJ78W7UPzZmZA
360,JGyObS87DJ1e3iTFO0Y9Pg
361,NTDeP5uFyk9Ux1-t8YkAlQ
362,nReR5UoJ4Keua35nPpO39w
363,kkg4_rYqIjaoPVI-4kd0VA
364,PJx3x6UyrXyYG7BJ-aKyCA
365,3CAiWBZlGNjW9h5XA2Scmg
366,U1Q5J5i0fgWz3xr_ia43Kw
367,0wG80qOFiAOnmnJ3zqDDQQ
368,ly9XnfzZAe0pOVxB0uYmeQ
369,Lzyi_aNlxK55UvJy68T9nw
370,pviYNKrLpfyh9h6UzupBIQ
371,yXW7tKxEUsP9GCp_CVy_ng
372,oa50c_nUntGxHdIJUjB-gA
373,SpfMQZXlqjV-5b-AmCrJBw
374,E-4K2_-z9nM9mBNeUUHjng
375,XBaEqM0KMMVIfxAnZWpdvQ
376,NAq4CTJ6bD2QWyS5XWNomA
377,VYOaKL6eudIiNTadG1WSDQ
378,16ykF7Dz44D_ncz1IwStNg
379,C5feQBV0CnukeRwSV8kMCA
380,mG-JQXPuwmPdX6Il6rtNcg
381,PQVD5A27c00ThM9cYuI_qA
382,j_sRIrDj9avALsZiUZ0mJA
383,F14gK0ttytj4eiizHRWJjA
384,YXAJUMhot1vyO0o43Jmiqw
385,_ZWhDZZhkjxmMrFFxhRHrQ
386,su0rzGtK-CXROtKeB_htmw
387,erklKqAg3s3pVuZRLDO3xw
388,5AIgIbB4RXyWwp2jRxzx7Q
389,54QSvaIy8yJmouZnfggYQw
390,uU-bC32-zUOw2RE8OkWKgQ
391,F6wbCPyBg8pTtUced88t_w
392,rWAQXKmrk_llnRejuXHmNQ
393,DrspL0Cf6nLUxUDQ3Bd4xg
394,W5t8o0wok9Qs5bS2fWrodg
395,bzfm_zx8H-JHgIx7rCeQFQ
396,N2o-qQ2-EYLbhn0aO5G70A
397,uIilI2O6lhLXxxcLXM9Zow
398,RfLIcx8_uD50_WjTL7mCMw
399,LaNNRKf5mncmXAKtz-DyXA
400,RjOGc3xm70uOgJ_fruJbZQ
401,WGxjLdUht8OqCQGFPOmFdA
402,hj-jUuoTCLgKF6PkQdVQDA
403,fd3VurQj2cpXgYN895eQsQ
404,xQf6QwCr_s5sdTGkA4Frmw
405,bfzA3JjW0TuSXnlQaZ17sQ
406,hselL-DpzvPlWmPs3wJvSg
407,4ETEaYgtPYU6mguLm5d0Qw
408,g2WuHX6_7ZNGB8iEb9H1XA
409,TVvGbI7e_fniKhGcjGDLSQ
410,sMK62m95v41dXirOYK3lpA
411,vtbJ7Oz6H7Yn6BGdtFTxeQ
412,M6ElpW6L9zbe-6rycU-z7Q
413,TKdpeMUFhEi_20tIfQiKvA
414,zuKR4B3CdrnA4HpqFvaVJQ
415,QBl3-eegx0dkLDwqDbqIaQ
416,asgZKo4Mkw8IU1KtZAnyug
417,wKC9riszq_gGv75rww3iPg
418,3xibmgNSEMMtiTP2PlevhQ
419,kW2dk1CWihmh3g7k9N2G8A
420,MTmjlO3cUS5Vw-fKvSqmDQ
421,9DUW1b8w2w_dIyHk1Ox7yA
422,la_kIbStDiCMmWXPtS4uzg
423,3UI29CUHZp1Ke2ALRBfS4g
424,vTbJxulQGH3gbG1HTXpldg
425,x69LdTNDlrXvQNotaaNVrQ
426,w25ONJU4a59FPQWGkY0PrQ
427,GwILk6cchEmSyrix_l_jpw
428,olEm5Y9yJmSPMoC6t4ii7A
429,yGYbNf8kwKtJ3mLNy_fFBQ
430,asDZ5PRvzR-YBbzZaclTnA
431,fLeh5Z8_bZ4rw07RDJAmNA
432,vg9iLlV-ViiATkmpH1M2Kg
433,z7Z4yaqrM62_4U2JURPmGA
434,J54wxtFhYtuKeF1efp0vkw
435,jOd8nrsgnRrh-gNKgz_zuw
436,WpoWUMgO19kYCyNP2AWnUg
437,v5HfxHEisVNLkaS6UiDCAg
438,U42aSxSE733XGtaczuwJ2w
439,PXY99OjVZXQA8hMuwWxNCw
440,fhK7zdIh4SjmCICXciQjlA
441,qutI1eO82nNtp-PMGVA5Uw
442,hSvRXoQNlS6Mj7rTjuokdw
443,fDKtI3jGpux3yl9YoEO_3Q
444,LkWIIilR_M9HiAZ4KgJIEw
445,WhVBNfOF73GwTZAUA2_ouA
446,sa67F_M6KxRFxacmWUSb_g
447,sEEIVd10buwNDzTQ4tWzZQ
448,oxxLd8FZRUnrQusg3wV5sA
449,WkGazfr_s80m6X0-ngrLmA
450,vZTXq1vuqyEkYCGtUp2X6A
451,a7_d2Ya9OjCDjhWUbbgijg
452,WFjNFeCSE8ooajnZI_AisA
453,TzPbxaZA5Vgx27z0MRSACA
454,_7IZPFF6g3D47-Oc1FAVJg
455,Q4wjwYuimDX6d5i2Sbf00g
456,XKcrZ7YX1WDFVYHwnz7_HA
457,3UiXIT_-dRlTC0uD2XklrQ
458,CjkOwRCYQefNAvRtmoeXOA
459,l01JxpPW_XN3P54L_dMqhA
460,QA4uo33x__wyqNh8ZnIQQA
461,ZdWuaEQP2aYpTXXo4JdASQ
462,Q9bPSt15Y1aQNFq0wegf5A
463,NG9msstpOWmU3WL4Cj0vlQ
464,qQQBCSz3xLVVIzG2hIrtJw
465,jUgKEbjgaGUcatBDgwt6Hw
466,QY2NcCxLKUe1CaS277PeNg
467,keEgXtnJHmvkpxmPnoIcbg
468,w-wPsNbcn3KfM_VCGClp7Q
469,EtcrEc9Vulu8mLHW1Nb5MQ
470,bbynRPhP7GltgCL-dOIpDg
471,p9H0BKquTJAOixz0pWRJIg
472,3yrfaoJsYXCAXBMsD7SkyQ
473,x7_bU9XeLioxSGzo3IyNQg
474,heFBt7Vp6ybf81YnFKXs2g
475,hqojrGeufv6qYpN00R-OsA
476,U13Z1t7_ERUgwRXHT09myw
477,MwKS-KGYOuKvTAHrXv5sWg
478,Yd8vT9huBy_0wXiSjaO14Q
479,o3MDwb-e1VjbyR67WoEKPA
480,w1yS3DUDd75L-vjhHcZDSA
481,K7Brug05Y3E0x_Hof5MQzA
482,Bl9MXVfE-qVG-xCAnU7kuw
483,1tI6uZMveMlOce0WGN4_Zg
484,9cu44DJFy7tbzzSj1nIC3Q
485,yVuBpVs-lEDPOKdDBYjdxA
486,FHrIi-9B10Veda4Rcaq2Xw
487,jBvMFk2dKLaL0zkqXAsdfA
488,J-uXdVky2Jk4l72aMxJi1Q
489,74itk1Y3TXR1u_pjEF8BUw
490,5bfde6_6nqJw3QHPNeiQbw
491,EzhPIY5aKMv_5Lscspcd7w
492,FH4mZmvPl7nhIC-cFajMSA
493,w1FdtzhUjR2o0atiS4Pv_A
494,EwbNggOhuKM90aY6qC-NvQ
495,STXYK48D5P4S1Ym3OfdypA
496,f7u5KhwPOZaBa6Ia3FyIWg
497,tK3ksqN0JC4MubFCz7m12Q
498,kJzOUurzT-vXoYb2K1ELIg
499,u5uaP3vAaSHEEuxuqT6VZQ
500,A0-pMFLHwe8HUgwWUVWxaQ
501,ElPfnunlckBYBwnWaPZiag
502,fZX4qpilyEfP3f4aTxwYAw
503,CCz5k-rKNuRQELHqMZgzjA
504,fI_t5WUmrJ3RwC95CeSprg
505,YCX7J35ofZAN6mUCpCb9Qg
506,5zebknccp33yD1cZW5m-9A
507,KHraFCXR57JS1EARtTWyQw
508,4FPrTIqRgX6Wbqc8epWYWg
509,9dLliyaAibAhG0Uj5pKQZQ
510,N8cbWmvCkogYB0rh233kuw
511,-2j2towhGw-YQKWwRfz8Dw
512,frbvNmCB5_Y8mxKE3RctLQ
513,XnAEcK1pn26Oc19ui9q9zw
514,qW6XPgqOVvopy09nWJLBSA
515,eGgSA2sNMij3a--SLbFraA
516,vq-jvY2lN8GuHtDz1HGq7g
517,HzmjK-yLenbDkF2D0lk3Eg
518,hehzKfiBuLxBS265WxiArg
519,ZyINteDUSGjQEQVyDuSdKA
520,OLJlfvr0hUs5C8ftmaSV9w
521,_FOBm7ge_89DRZAVLLqrxA
522,572o74gNk9wbd8IzAuEcOw
523,EqCVZ-h3kN1y6-EyOh5wwQ
524,r2soZRIIBPltjL2OTTk2cg
525,uLhyw1b1gX6FREf6L4cRmQ
526,8f9fxx-ojIe5TD3NvsCWbg
527,t6UXtciVfxgoHlwcsXI1rw
528,IasKAb1K5vmn7BuKAFcAiw
529,_pPiO2pOJIihgxIxgZjPvw
530,TmicJB7Tf3r7DMp1PHz9Xw
531,f9Kfrp2XBe2NwVxaCHiFYg
532,qEuwp5hIEL8RbuyT1tWY0g
533,8qf2j0AZLw0T4KgdGIKZBQ
534,_FqjIEzfHvl-L3Y-_Rlw3g
535,0YTusOGEzstwoHZj1Db1IQ
536,QH4Zi0igAbua8lT3AcKDqQ
537,JNHh44NeS0KhZs4kgwfY9g
538,jVjuv-C8oMuD6n-MhgsMHg
539,39uFKL8Loa2YtdUWz2sx4A
540,6ZZbxYriZprkls38ZZIo8w
541,QDUug5TucGfxYNszsihqwA
542,gZwg4zuvLvU4jwL2upmJoA
543,6LXetxJ2_7P46sBYGs45Lg
544,8obFiNGAru-D2CDhY2PLUQ
545,wZrh_rHiyZ6BqNaI3kvmVQ
546,5TxdXjpAz0pR6RrozNd6fg
547,TU2VYZD_RScH0HNrDvnx1g
548,bW3r3N7ydRn2DnVupa92Bg
549,a5Oske9qOwqCLtPHV_guLg
550,8xbbe538ItlVSibylYgD7g
551,8AM8MBPLkTZHNr0gCFk2RA
552,ySQv1TbIVJVJuTuNnX-V4w
553,BFr6Z705fZxztLM9siIuLQ
554,Gm2JeBstYimvahBM8a6n_g
555,zuaOoySNVSsLa3a64QUMmQ
556,qfbnnHcIkM8EEL9NXp1ZHA
557,rWIHMrJ5KZUduJB2TAWKCQ
558,qQMHqX9mEi8V8a5kF4FGiQ
559,Fb-GgJseNWT7n8pACvi7sA
560,6L2bRTolM7bHvcY-wR-i4Q
561,LUTiF1sD99N6yAmdZywA1w
562,e8hjZ_5qUn_I8b00zL68QA
563,cCjAiTyv15Sy3VOvO6uz0Q
564,-4RnyTnPjKyFSXjc5lEuBA
565,61JnQnKwVe6MUV-K7coBeQ
566,MS9X2m1Ut_gctwmq0Y92Sg
567,K6uMKT3Ml08wH72cJh-lXg
568,85273cmstEpYra2At_Sq5g
569,yYkWNasaNh8HMJLblfMlIA
570,2OnOqB0PYVsqD6Pt_jwBPw
571,UKSGClizfqaTsXb16Qhq_A
572,2ZUdE8o1hgs8T4n_-gRZvQ
573,KvwQN8wvsy3mib24J2N9Yw
574,0HNzkTJYEYeTSdCxXQqJCg
575,SQffzB_TJVJPhbwopxgyqQ
576,7sT9mQlMtHF7xc8WUdosvQ
577,QkfMuQx6VH8F-y7qba0eJg
578,gI6rj0JSQ1KIUid-n_CjaQ
579,I6ZL-N1-l4SL2uGb5V68AQ
580,P_6pn7LZQ9BodLX3tUdzbA
581,lq3kdVuaIyb3oFnMqqSDOw
582,W3GOAyj7PVtoZwzV21x2ig
583,yr3aEhggtkGTE_BOY2Upzg
584,HSY-PvOPMPgiI-ydBu9hZA
585,-Psyqkg-9qQ-xexXw8EVYw
586,ltb_jX4MKnIgwU_qsD_nVQ
587,RgUI5fAyQjiWFlJ2vuOdfg
588,78wXgp2DPbV6VVWRlIHCKw
589,wCVDHC6z-V6Pn5HSGYacdA
590,CJ61HZcvxesE6Xhqr-rXzw
591,VjzaGcCQQJ2_G-Am94TNrA
592,TcGHIPPaIzN6-MfO5NCy1g
593,FjWByVE31Qo96UMxepBlww
594,z636q69LpIoP7t4SKPVuIQ
595,EbwbgVZ5TmmhKb8TGhSETQ
596,puxMeeelcGgVsu7ieYSw1g
597,EfiJPGCjQVbWXe1J5JMEMw
598,zPjlW1SzkAo4WB9lBfzqeQ
599,d9kqImb3wt8ZBiQAxynEKw
600,KP4JMSujEDPbtzVW-0UN6g
601,NkWoKami3ZWdulsUWPhYqw
602,Rd1P8aJImhdLXC7B9TzAsQ
603,3Kb__MMU4W2BH3Ja7TR6Ug
604,CyN9ZrogpcYqoGMQyHUfoA
605,bfpIgUjIcGsjftueyxDyiA
606,sa2m84_ZlIyfD3IamKJMhQ
607,xz1IBUHrjurEfMz6KQJ8oQ
608,piu3vXULCgw3I9IHUjiccw
609,PvPz6tE5HiAuubs3cDd0Nw
610,B1QxkxgcXAWQSd91xmpdaw
611,8wO53nBswLdMjUc_-RsBow
612,s0U5fXzNYYVUoNHHsLs0Nw
613,Msy9peJ1Sprlhr7wefxyKA
614,Fu04lBHT5ZZukhPvyM5hng
615,njKjyAAeRF3GCltZINGRwg
616,QQYFyBhPTqUYvS8KsxGgqQ
617,BPAJf2eWWijsMXc6nh4MFg
618,22OY6QwjceNu9rq3IRPwGw
619,QZg1asekfjD8QErjI5Ovcw
620,keKs9Lcuh-MBlKlkipLhbA
621,2XiE86dWTt1HfzWc4oF28w
622,3Awhuu2EoiMDwcuckpGxEQ
623,Ltym_V0mqZuikIeGSMBMfQ
624,yd016JM5hyQw1DxdH-FO7w
625,rwoZCkiQWsQbG-U-sHhBAw
626,lf1m4CbheuUR7fFZoLGRvA
627,A9KUbHakrOtjZKPM7F7JQQ
628,A1QpeCbrp8N2weI5eAjETw
629,0KJi0VhWB99dcYFrdjtRjg
630,FC0Rjzc4aAt61H7OlY8aAg
631,hBGB5pevz3j_QyB9EG5PfQ
632,fxwhylt6Io63XO1i7PsJVQ
633,Nx4k7-wg9flIiGxKWi7GBQ
634,NO_X86Zx2ohGsmrjMGBysA
635,xdHaJduyxSBZESqpP6jPNQ
636,ETuy956BsyX5MYfZobcFCQ
637,AFlhtCVNuRPjsNk4YqXD2w
638,mPe-77ClRuIawuFsfR4tSg
639,8COu59o_b8EWk7qj3DzL8w
640,Ye9kknVK9BM26hY_brv_hg
641,PWbw8WyGSmtGEGaButnREA
642,TduZTBv8zBL9vBwXxFmtUg
643,uVOix6sZH4Zim2lD8yQA9g
644,c95RKbVDcWvquCppYgK-1Q
645,rlcugsgka2oVUfLt84U7LQ
646,ZKMA6DNhcr_0M0eiaTYbBg
647,4H1SM8n3EeAnt_L_ie7SPg
648,xHkxtt9W0FxC1_junrn3oQ
649,_4V3iCRRQ2ZyBEcBGlvf3g
650,tw1zziLp9syirhOSgfzgqQ
651,UPHU2q5KTjF0pMIVqPErKQ
652,jtSv4Bx8GcGvVK2LSeLn4A
653,0devieNGvwLJ5Mt9AD9rxQ
654,oXKKY-ULdDtN9U4t1msLhg
655,C4UP6zhV_omUBf52uqvpaw
656,aUN1F5RwdkQwtyoaR72IXQ
657,gnIQjAes5uin4iIIZWtHkA
658,nHHBpdv8LZxRYrh9EZobnQ
659,tjoXWLM4_RCAE6u_GIrc3w
660,6A4zMSITVyTl01IArecJYA
661,rWBDLPBTEejcN8rp9oQ2sw
662,16Fen0k_FbMyiKZ3L7qfEQ
663,1St4hCa567n8G5QczyIG_A
664,YEal60hva1XSwPl0_eqjuw
665,Hdfm3LAoAyQXmYgFk43TBw
666,HAYDJQQO0_ChD938RZDcdg
667,g1a_DW-W3izbtWhVx8Jy6g
668,Bu2tcfEbxjEX3ehRS7hsMA
669,3344n3zfsDY_hTA-1BN__w
670,k6h6DodWuylvN09ATIN2nQ
671,XwlERZFTPUB_FnqAuVINuw
672,geN3SMGUQ-n0Zp8l0zXShw
673,4Pla75ABlzmY45yyKaoSpQ
674,UUeDBx-OI1dZmzqY8kJrQA
675,XdXdh2aIAM3W6YGM57YyGw
676,OoYsUtCvuAE72YzeTu51AA
677,aY5zCRp7NyKIhRJKCNIk5Q
678,JKzSAFYFV5Fn15V_sjLTqA
679,9emdRl--UC2S1Lil7d3NdA
680,SQaemKX3S5YKpI6T7HX35g
681,yT9vhO5iaHoPU5WzaoZNhw
682,5aXeCFIjmhGwiiOZFkleoA
683,a4fuvWK8zVvhQDrMjGuZxA
684,fvSV2hRtaebYb0CHRvsvTg
685,A_awKRNobZahrxP7gt3V4w
686,59R9R6Y7E52Gpfe1DtHTZA
687,lCR0gjgIx-3hcHWLR3QZcQ
688,3vsUQx6BJ9kuUsoJpnhiQg
689,kG4DFMQhjDTyrefr2XV7Xg
690,jNEvjuCD6WNcKGpRszNFjA
691,fxTL64H9Fl6RV9OYng5xvw
692,hoiqt3CkjzekFe53vVynQg
693,2fD5eklHrWWbmYtGiZtbsw
694,nMMbo120LzRgU2deWdR9AQ
695,BT_nu8RBET-7oNLkR7K5Pg
696,_32dtgIt-6POLO_N6WTdGg
697,Fu2xPK6dNHW0SWWYBxSxgQ
698,EAzx83GU6BUsb0MlJ6LA9g
699,Jiq_pTMBkbPCkmbMrEtxNg
700,uIP3_i_OO9HNaN2o988xtQ
701,3rLgZcd3s5ra71D7sQAB0A
702,cFck2daxdQS8XF3Ze8cD5g
703,urd9Odm4aeCUBKIJu4fsGA
704,aJnXHXugr8JxhPjQk7PabA
705,TLgdrh5poyzO_h5LMroHTg
706,Q4g6Qr1lLbU17GftI6YGew
707,Br7QSMlEDdSjRlpYgMSh3A
708,j3fYnVvL69RBaf-HQus99A
709,gjmgso2JM3R_vSQD9MqNVg
710,ojbMKkOeUICPPr5H8Lt1xg
711,25oB1DZQIVKLfg8I8n4GTA
712,_McHu6N6t-4rqfe8xjpyxw
713,k71HxjU3e-afNILWAnF1eg
714,3w1n_sqqwCxcbGucAL4xoQ
715,ppB26Fvt5MnfA3EDPxTEXA
716,siaZcR8PzFjjsbpM4ZX3mQ
717,VewGDjzLueWP9HbZ2PCIdA
718,TpkW4YUriQ3iidDzaaFx5g
719,8fKLJH2Sr4-Q3scBvvlNhg
720,5sVFDZ0S4mK-1RgRj8UmBA
721,E4ejwOWqCX8lFZ6j_IfopQ
722,Wcmq5TaIFBd_rATF0GA9Gw
723,0dYdRe6wZoRwfjRHayrwNg
724,FJvCzzkeLCnnwxmOiHmRug
725,8RPpR0YCKa4irmdoag0plw
726,H25X0HPK1ps4ip7N_lV4iw
727,M_aDgb3L78nAmaglBUk5WQ
728,hn8NgowjmwEOrZNTT04K9A
729,zABdrxqiYLh_IFRtQs9yfw
730,dK_YpLPAjfpzk2ntWR14NQ
731,uO6VkmLx-ESl-_8lFMmZRA
732,TSxbhwFvW_8Mfj7oqYc2dQ
733,U6KBNi5oTnOetfiFsKi2RA
734,n_J0xPycY4kUlCc4nv2gtg
735,d5zOsZHrYWiTOErvnbvfAA
736,zPkpd_t10ZFSRkOzaZbzDw
737,jW9Ykl7ur-FfJOGfrwQTRg
738,Eu0cgupDBs95mgcKzEzZQA
739,JJ0EX6RoYnOONdtsDuh4Uw
740,6MT5ilgPxFs3za4kALipBg
741,OdXCqkRrJmtfZULGOHL9CA
742,CkQQO_oWU2RpCwRW_S4M1A
743,UuSUtdKdAlwhIAXT6SY3Mw
744,PDC05AnExetZmi0iU3y6Wg
745,A8EcyqHoEijmg5gRSGgeqA
746,qfdikKTCQe26_TcqFKbXWw
747,WslBIvrC1ezr4VAvPMEyMA
748,NZhB1ckZ8qG1dphq8NZP6A
749,kh97oGNQyjjGJf2YS9q7ew
750,N85-Xjlqfc8rMEtkUWdjZg
751,sI4tghUkZpKJ4xEQOV3QEA
752,Keamtw-5pShCjs_zXvth6A
753,hOUuC4aAQf8WZa5fjYf3FQ
754,ilwCkLTKwJ0H5Sja4dKW2Q
755,Exue8Tno8rwF7eWqxr5_8g
756,KfegW7Yt1g8mWKzNftG3dg
757,j7LvGNDYr836aOWDLJWDuw
758,vcUsMTmZOcIx0leAegnxFQ
759,mBNonBviyA-H-MhLf9CgpA
760,0wUP032Py_8cDX4LceqHlA
761,6NnF1SolzTA5CGxiPWzYZQ
762,R8cj83_vgKicz5kci_NqoA
763,IYTFbM4cV6V5kOkBHbuH2g
764,zwyTyqQR7pwE2RKYg7nIzw
765,nghLUJFXJmUkqS55vSHyPg
766,VSXj2pau_Kt712a6A4XlwA
767,ylNoap5vLFZCPIjwBIdnYA
768,OIur_1VwYqbGfolq3I01mQ
769,0p7IsY3FjwlPID3uzDwSag
770,CUKfXM9L_milps4kV2xFEQ
771,roEEV-UOlrhOuoI3GAP9wg
772,_wxQyD9zshep9j7jc_ldzQ
773,Wu0ah9epgoTljJj_NXDCwA
774,DUhEsPY-kRzimN6NMlnNYQ
775,libsLCvvR_89FpwSoJ_35A
776,RUhLhYfFGH4DnvJg6cvcig
777,fp7fSSK3bu9_BXsnbBMnaA
778,Oz7XMsx9Tl6STHZ24ytEBQ
779,iB0UWpc_WH_mmXV5Gs_tSw
780,XA9ubj5modPHi_XJXVOSBQ
781,KhoWn1ZeiPOuMuM4eRddRg
782,bQ1BSrodHZKd5Gz7PblUrg
783,qeK6mIf9fUtUx_VonoZNzQ
784,YxQXOtyJuTsAcIWPYcGanA
785,3SS-zbOxNS3Koc63Tr8MSQ
786,EXyxImll2iMpG1ouE_Ijvw
787,TJ4t68tRsFkeTQppx-p0_w
788,bZhjhC1KlmpEhUcIJMl-pg
789,Yivpl1d_1HM7pTVqFs8b4g
790,sNmQbsZ3qZ0cu9_Okd9C8Q
791,MHc5-M6zemLM3xmJUYx7ow
792,aAXQtw0KgbQbcCDyR3GW7Q
793,LTsCOW0e80ncCcsx2FnPXA
794,sDhW_Wg0364Ohpfs7c_Rhw
795,s1s0VucGRWQbYNdimYRIpw
796,H_omEbdXn7wA1JrlhS1cFw
797,6Bbpo7Z_PpK6g6-DPE8bQA
798,-0741hj5iS8lYwcm7-J-lA
799,BM3ZW5BvHzwUXjUT_n3PcQ
800,OdqrIcvi1hAk_SyQ1yy1dA
801,cxr0TSo21nBM5WRUwUq2aA
802,tMrxKb0MVHmDeCmB2Uxgaw
803,o-c8xWmr3XhoxlLykTAKXQ
804,GsIi40J7aWJLUX-PC8GcOQ
805,qHLadJanmQvLfRcafeB-IQ
806,-6DoXmdXEy_P5N-QZzntgA
807,0th-RZ1jBH-x7kir9vhZrQ
808,ejlPEu9_KCPz8B_WUGuA4Q
809,slo2kdUcnqcq6Pa3IpuhFQ
810,OZcZcSb04mfUmefr7EZ6rA
811,gxpK6D7tb3S9DvYN9QBzeA
812,HW0qGR-YbXR2-WSCAiVEgg
813,gwd-jOO871d3ldevlVEINA
814,FXiH7sdqd4hFogEQaPVglA
815,FfMaH-4FwDQ5jJvaQ-aBhQ
816,yMLKjdXDt_LpyODVQGG6Jg
817,5AL4m5Nh1P91HuKxewdWPQ
818,NuW8QYfQmvz0S6scIe0Nzw
819,-2wKOz9lle4CTCiM7WzWwA
820,T8e-Z11DHW2eX71yxNG-_g
821,SLzt4hJ6dA5ZW1qp6d1zBA
822,I_i2fsCgGURYRZ0hR02XLw
823,Fbpxc-V7xTuVlcNQNelONA
824,Xbnoa9JsCv0ZRMRFiWFAeQ
825,VKG-8GRdhS7gy0W6F_zIBA
826,aY_-TRBE3WnJC3hfURGUaQ
827,c1HRawI3B0Hb5tsdgB6Apw
828,xPXeCFy8wQPJjgd184za3g
829,bd-o1PFjlN-kJU4etmlrUQ
830,nuHr7tKh8G7yzt4QfCpoQQ
831,udOZo8wDKWUjQ07FrcnqrA
832,AsSlS_at2F4i1XbT7oQ-3Q
833,wc3DRE5KIfUnhYA5MwRuZA
834,h5v6ASUmU1JZX9lkcE_fCQ
835,AhBFOZVxJiodzRWsDr03Ew
836,BFr8Hky1WFyE8-WxTQ9RBQ
837,h0H6EwypDRZ7F0njuoJ3wQ
838,xU_zqbdRuW2KTCCa7b5D_w
839,Io1ILaKfXwA0XUratbsKhQ
840,R4OkR7oUTrZmUb94HY6z0w
841,ulmFEYgg4Hr_tq6Pm0HEkw
842,WAdUd1RiRFVdvA2g-w91TA
843,UhjGHK24Y2hCXuh_tzGR2Q
844,LAkjeufXZHiKA1GqcA1pxw
845,_gpe_TTzOfZuKpIuzgArJA
846,z6q3atk8AMY5mzuoHg8tGw
847,RYS22sLD7cqcJRKBc4g1_w
848,Y3Xg_-VszbgfIFkZ2BkUUQ
849,9Kowmb9NX8GwoFdUQw16KA
850,kE-YGwWrAYZbzl5_lcUMYg
851,PmgMowYf8DNUAAa1y7ruJA
852,QgCccRyPcWvsDJgrEg9bMA
853,0QZVsc1ZbUcVsELTvR-saQ
854,ajf6nFWLLq1AADwCOuUQPw
855,3l5H0UrABix5OzG6VoAyDw
856,5Ivb-68Tu0qFsYdccpe98A
857,J_c1_lmsp-bsYTDRg-JVSQ
858,eC4x5qogp7lQ6cdMqojfIg
859,M_xzBpv0CBZgUXFyVLyn_g
860,69Jk4CYYVNdQ8Dlp0a21jw
861,xXwjzRQoMVtQt1q1IpKw7w
862,3wZdog-uf_TZ2OzrJpyjlA
863,zkOP5MP_4OPngC0fvUDF4w
864,nMFlEQRj3MAeo9pcjbGCKw
865,8tLbt2-cqRoUKXE_YOnSTw
866,q0lUbJVySHzBJGvCvoqr3Q
867,fyxu-8idC4F5gxzlu2LZkg
868,w9vbAAP20C6Mss76Siv5ww
869,M2bvoR-OwTQF1NesG16PrA
870,FNyMB4t4zRfh3ewridTASQ
871,TmBtv6p-pHVVVneFXamXYA
872,jvo1Av4Nf9VS79EYffZSPA
873,j05gV5bKBTIN3eEq1H3Ufg
874,VD56G6ArVA6l0UCc5MLrZw
875,o1lAN_IyHIReP3VCV0fBfw
876,cdkce7WeMiHTbQjez1f2jA
877,6gob4I-U51_osNxOp6VuCg
878,hSq0cc2p69xLzl991xzrUw
879,dUxRxab0lCEirtFVUoMVNQ
880,f5uDbqgKP6VLi0pBWuBZ0A
881,rUsZWQ04XXA4ZQ6tLvqt3g
882,x8V_A9MUbrb9ErAQonmVFQ
883,Z-EHjlIspwDRVYvEkeXg5w
884,WKWuZpqZmGl_c9aiwOJK2A
885,_rd_pReZAKSN-W7MkPQK-w
886,avx0WJO9dKnsgDhZRrCROQ
887,RTcuhbxDIWFBUN335JPhsw
888,ej_PMUGAxz5Xgcbq-acDZQ
889,XbQZCPa1dyOm8FKg5hlpTA
890,1yAqnmuHX6uQ9JW313i3Jw
891,TSOuJl5BdenFMir02kcDoQ
892,4AkzmD8KF2Q2qMX32kRGGQ
893,E9WCICtDupYKTjaYmQQsjg
894,MKv-EsTPB6lyNpv_7xu2_Q
895,gU_sKjppz47562zsiccDLw
896,gK-ftJzPITgNcMJFX3urHA
897,DNntARwKLJmAMH-FgihowQ
898,I1CVYNhL3Z_-3V2UMkwH8w
899,e5bP9hpntSAE5AFs3YydQQ
900,sSG41ozcbsMGsF56ZomHgw
901,O37wZETQhNbgUSrITqQjiA
902,wahmOvZWiDspJDMn91lI0w
903,AYEIwEUeDIJe6z79nddNMg
904,N8Iriob3n95cfybxXF19DA
905,P8hPXywFtuuVi2Vrgkfssg
906,jEFGQnC3kAf3zd29QwPBvA
907,liP_sySWTzc-LkGgS2BSeg
908,cP_qhrpYHBbwJFkQjXwffQ
909,LcuVFGOQFHFBXX17PdzjXw
910,jXqWqWJoE0G-ygmsgtPA_Q
911,mwGkoyo6RKKpkJjK_h7TGQ
912,MAE-9I7GMbuDppABRYXD4A
913,JmCOJoSHRM3Oe3NearBAjA
914,J3KOdbTpV35SlzN7q9RLAg
915,5lPfbk3ggcDRRhn1WN3cAQ
916,IW9LZRXmYQuZC-i8L3L8BA
917,LvU-c294hjzWI0PAWIiHiQ
918,q3Ly7YbBW1YCil20vBqfGw
919,1sw1ah4LvHu5Yuf9x4U2rA
920,fQqXe9HI0SW9WU8vj0fNFQ
921,m6KkfWaDUkP696C3sYI-Lw
922,uRmkGyDe7ZcOkyp1XpcreQ
923,8Sa3e9CaI2wacgXQe57zjg
924,78884QB1XnVTiZTl43dtRA
925,YVCb7suEEXzRDYhfCBnoGA
926,I7G20qW4RuiI5eH4K93r9Q
927,N11yNJz_DMKLyifglT8lOg
928,ytLydZ8WT3I17HfuzcyJOw
929,eqwm7meM-ykGY32QWCU2WQ
930,9g67Bk721JE4jB6V7o79VA
931,Ys70ZbIzFEGFurwqapEpEA
932,YN93FatyRxdXBe6tvDEaGQ
933,QQ3GBrDMO_HNeGteSFzSjw
934,uN9AOl7rxFVwYqeKIAvAwg
935,l19fQdyrsU7x_7U3Mn7rRA
936,vQb7VZcUUhF44ulOPQXRbg
937,VT9mZx7BKijJU_UKTVksLQ
938,j_yHGLhbyhyPvgqcFTXVkQ
939,Jn8R8Kd_eAdw1E3mFOf7aA
940,C7zf8BQ4yDuOyY42bhOWWQ
941,wOjzFLQe47AVaI9JFXaTBw
942,21h1jForJbgI_kqxpMd93w
943,-6PiBmmwYGjhA1kbT0RKFw
944,IU86PZPgTDCFwJEuAg2j7g
945,RymSyRA1oxHztO1FxUAxLQ
946,qmfWHdUVqmEYpoo3V84b1g
947,DedXtmdI6Vzu0T8aGdGPfw
948,R0iRcw42q7FYuz1ABdfe7g
949,c8BFvdscjkhieg0C_rx6vg
950,f94SPXtvnGder0_sVPy7AA
951,vyUAhWSbbd3YL9jJ9QC9zw
952,2j2gh1YbXYyaTpSG_iDmRQ
953,NlI2sHBxVWLdNtf6HdzxVg
954,xVCoVDBFyd0h0bvK_qbftg
955,cPtEGIKaFdnWG6h1HZ8Wwg
956,8lsHApZj6c-xvFcVgxttYw
957,nOw9NmjniUfbihJv-GanZQ
958,QqcYAFI2iymIP39Bj5sYFA
959,09QcQYf_t1NEq_AkjJuABA
960,ymgPMjIYBhFoNoM8Q7wsMA
961,FXn6Lp_dM5Z2RUS3tRAX_Q
962,p4uUMFaTg7_iJRFWqIT9hw
963,PCpeZ58wbHCidUcyRMtCTg
964,8RcEwGrFIgkt9WQ35E6SnQ
965,KO4PE3N_pKIFGbGAjqROvg
966,5xCoC8jXpRd6LqQynIlqrA
967,kC1sZhWrhgi_qC2Qer45PQ
968,iY6AHMMuhNXNmIm_5jElvw
969,8EXFNqfUBo_z8Z3J1Qp2sQ
970,BheMMgTF7cUNjqFVciZoJQ
971,QwXhgwiYUbY48v1glpOGlw
972,YE6MjEy02m4NBKQiOoTXgg
973,xYfE1-KKb4Wd9KZAFS4Xgw
974,1147sEMLLvOzYwfvl1dXwg
975,WZm-VI0kngGuI1BE9acXHA
976,s-VwlOpbUnOl9SK6IGCVIQ
977,Chnm8lsnseHRw9fd9AozUg
978,KCPtQKNZYVVr7Mdui14JUA
979,BYnQXGlyzMijN7fZ8chawg
980,e0dy-6wb5MSLXhJnOlqI1A
981,zjrbEEkjC5qzVqU1JpO0sw
982,hVZZJUMfSlGmI7VFdaR4Cg
983,FcvGo-RKkSavIP-h2qQtJw
984,9K2PoFKHx_co5ZuggdHjXQ
985,cFErH98MuBKYphgZcbqHvg
986,dFMkj166usqGFYhFpu5olA
987,XZM7gS3yZOkTzZgZ5gROFg
988,lnMdnTKyg955dw-EsTmkjA
989,0wcJUbSCrktgvjcxrMhjSw
990,3zdCzbTDCfB_pgP5M1tvlg
991,F_QCqrCYAfQJ9k77a9bV6Q
992,mo4bPqfDQM7M1muH95DwYA
993,vEyGHoG61Pm1NEreVxkU1A
994,NdXKFJW3ZOAMbh7by6ajBQ
995,hClWixS5jspDr2NIE04XYg
996,cI58MzTJP56d8wbdw6zSBA
997,g6QJPlZAt1sglENiwkQUMg
998,qzTb5W3FkfNiRQUI0PWQiA
999,CJmKWIi2Xa5NdxlR6HjVGQ
1000,FI2ZM93vhJ9-5rSaFrsQYA
1001,c6dMpq6x010ue3FPD3o1Xg
1002,ltcH4q6lXkL3f6bZRzxiUg
1003,bM4_Yrr1jvyTQSq0p3fNjQ
1004,z3Lsw0_faK_TPmX_e0kAfw
1005,k52Mtl5Pffe94ERwqBwwBg
1006,YLBSd8glqWbyR5AZGaxpgw
1007,k-i4HEQH_RAFr1PtQU1sig
1008,rTTyhU3JZ_Yk5VBc5_jc7w
1009,01JRrmpHBPtc-efivAobcQ
1010,IVNrr5mmGeNPTWRr0MbQkw
1011,VjycxcHN5hd5iQGuDFrPyw
1012,R9oiaQlae4r53wZy0zP7cQ
1013,vJpHPUR8xAkyUk1BJkUaCA
1014,8fgtfMJ1JdMccdJpuQyKEQ
1015,369shsyQiRGWm-aFgpHPbw
1016,4hEhi_N7mgPTS9KsMb7ULQ
1017,uvnG22rt9O-G6fBkCMKigQ
1018,Ge1BBYsqp-xylXSekPvY_Q
1019,33ndIp7N08zRN-TgHhwBYA
1020,JcITNHqg4stBypD6fUVSPQ
1021,h0ykjl83LmaFfI4Ku1mGUw
1022,yNLcboKvd8op9b4CxaCoQA
1023,h6rD5o2eiuvoDilPEUpIDA
1024,L6og1NP1C0c-OdoN_wunzA
1025,GeTWFhlcT2OOsORxA2vUtQ
1026,VS2UhdMT4zFx4c_wUClDzg
1027,CWCZDLPeUdQpX_LKDf7GYA
1028,mfOKBuJCt5ydm9cMUC7X7g
1029,ydFmmGTdm6xiJn-URcCK7w
1030,_0cWueK8TnVQgzDAHYzmqA
1031,CeEQA1NJHk4S8OHY6Ei7_g
1032,Ox0PiTeDNYBZC0_uTcTiig
1033,P8MAbwSsYO7zR7dR84G61Q
1034,-pkB-0dBj8IMF2r1unTW_A
1035,oLJVkjbH5Pb9leKicumhKw
1036,Mnr1USF-PO6J2l2kHtgzfg
1037,tmeARBucM3IDwHGdsYl1zQ
1038,Vn2qZuC0dvhS9f_4D5I2Pg
1039,lnv3R4YK0IQIZrgr2dcOWA
1040,EMwOlZ0MSy5sfyyHg0aWUA
1041,Z7Hxk7WgFjtCDkPVUze52A
1042,nLUTBOeySs-0wUDeyNRRDg
1043,8yKQ3SQxnsyF1FRTf0QpEQ
1044,ikNLkRXsGikjz0AFUrWqLQ
1045,r5rwIpqTVi_dhPxmJDsvtw
1046,i6nzTfZ8TRckJOGgZIpr5Q
1047,713jyhjIv4t7LOJwKEqucA
1048,lBT_Mt8ELxH_3S0OGphmBQ
1049,17iDJ1bO80Cm7kn8b1H5Cg
1050,nOwc3nRPrZI9XBN7tlsGSg
1051,LgbbsvEVB6aPW-5MGmxrgw
1052,BbklXSJ16tFhd-wnFuFHnw
1053,GB9CsT4piVhifcj9u8xGig
1054,ooTSrEUj6pY20t8gL60vGg
1055,TxrZyzJ95dx8aifAt5WvnA
1056,k5wMKbm1YXphWc4s9ATccg
1057,xdUWFzP8gFSXnscGg4UvKw
1058,w5YlPjyGdB04WXNC0X6LYw
1059,2gXq1vAwwHtVJ5Q8F1wWJg
1060,wNYiACglgDN7jwF8cmFY3Q
1061,vPWjHU0ZFjy_9tEtk-8_pg
1062,hjiy_B8bAw_WmQfQOV5ZTw
1063,qhI7_uIhRAAlKV3oWGJUvw
1064,f7NMzOkALDQ9ZFj1yc9fUA
1065,ddtGyV8KYq0WKQLlOoMTmQ
1066,QEkWUtTYhR8Wh3Ta-3Ncjg
1067,_ku4nvBaOhBh5i5Faj5wJA
1068,S3UAiA0LxSFBPTwRJZom0A
1069,O54qpaPFcfpR9rf7f6Ltag
1070,UcMe8744jovJS4kBm6qAeA
1071,k93RSle8vDYDEhu1QdBIsw
1072,OjhSsv0QSnhmvVfQkHuAPw
1073,z9a2Dy8ZhF_61Rnd9Fwxmg
1074,cxxkoewOq-1idVdZYUrfwA
1075,omQky7Z50CHDANr8l12gsw
1076,nYqkmLDo4Pg837fXr3f3Cw
1077,t3UC9udLPcyeEzGn2i-PMw
1078,82CfqEqtl3AEaIFEMAMHaA
1079,jJZygCjzBp6cfbtNgcdmaA
1080,7LmRuOHCBdrxdCakk6z4hA
1081,UunMCK-xKh-0Qt_pdD9OIQ
1082,pS4Ih8DwyvMUna6otXEn1g
1083,x8cclD_F3GZig1vAqnHIdQ
1084,U8Z23-wDLvK0bLnZaaynUQ
1085,fAE2b4aTdADrZGFHp9UOZQ
1086,irE8bz9in-HRsnnoJ7xlDQ
1087,AaQ4vMl1hPb2lvg7VnUHcg
1088,6Hx9xI-A_BjbR55oG-_gSA
1089,KJAtWGD2_yvFZoIg_EbbSg
1090,9rgiTp7kcoJ0cOY6uQDn4g
1091,GI8h43IEtRMMdxNasof0qw
1092,6KMuDd-efCRlJC4DXayjPA
1093,Pn3CQ-oDz-GQ9oftq2IWcg
1094,QShuu75Q8JlM6t7CYuBVKQ
1095,gFE5rvPRM5nPBw8pE3ynUQ
1096,c7kWoBwo1UV-pOjszq7Cpg
1097,IwNLgcal1Nt3F6ib71XVvQ
1098,YCsy7O2KvxBG8igx9t-t9g
1099,sknpNqc3tVBIRCZBuoJ6oQ
1100,o562mkHZRb9nzlI7nDWxuA
1101,5IYml_djD0Evn9nTzAWCZg
1102,fiHd0MjLbb5KiBtHto_fXg
1103,TVqkMIKikPfv8FWU1qqO0w
1104,wilbOntIGtL6NV_w2vRIyg
1105,HR2HrQulqN2YsSQIMelsLQ
1106,uMmGJ8zKk77RMU-CJS8dGQ
1107,GxOYWiOXw33SW-cZPfa_bg
1108,OVSUZDnJzFaL73GizIiNFg
1109,9ZfM7bDBh-IW22NQWH6iYA
1110,09pe848Z50s9THwK17b7vg
1111,ZRP_imb9w9veUGeb3qUvOg
1112,wx5luls9K5fdSVxmVAAa2g
1113,o7QM_z-eeAojxXWd4Tft7A
1114,YQQRGZGgnisVuy7KOvuWKA
1115,BjbvCZ0GZ2qWjDt6499c5A
1116,4vdzu5Oiuz8xPwuaf1a8QQ
1117,OHpAaApLrVl4752X5DJzJg
1118,siiqiAbh89MGUK2m_y4CmA
1119,AAQWpt1eaWRmu0szDe68VA
1120,mPIvedLl12KnGRru-c6x-w
1121,u2-aEwdVi6z-7vZlbSD47Q
1122,1EqT66DukkqwFmWsWG6bzQ
1123,jo7-yUoeW8fGEW-jXecYwQ
1124,0pe9rNKL-dLCFcCr3HvN8w
1125,X27HrI-ISm8O0I_zYQKfsw
1126,NL7vsQIZlqRP5FZa4TTzBg
1127,70c6FIPRTzgnE-8BAAbIGQ
1128,JBmcpltSzvvyb6JmvIMEjQ
1129,3QJ_QDl_hCxfERkuFqrinA
1130,prvheFwlzY0M7S0QMv63Mw
1131,QYBED1h9Qz7PBf77tI3zmQ
1132,kRWT6EVwL_keCgzTod3Avg
1133,gAf5LF1XydnazsXPS1uwDw
1134,iNzv-k8EQtIhTJoI1fsg4Q
1135,TmljCl6px9_1D-V1dEUR-w
1136,rfhR9kpQ9RTEr1sOnHNF-Q
1137,WPn37PtYbELjJkZwDMijKw
1138,f5XGugbbcYEaesWI7GQZzQ
1139,Q_-k9f0-AojEOel_SlFpHg
1140,JrAdf9hULf97ZM2Z3q5gSg
1141,jsWRF_89qzZ-ssmMEcRmAw
1142,jDS5jjfacCoJbbJgzYfakQ
1143,ttt89N7zjtL5idPS0InsKw
1144,4NzdjFgCWj12ikm6yAekaQ
1145,I3K3CYhgEN6k8BMdTLyftw
1146,SGOOer3EnB16FFptL_5_DQ
1147,w_WAAKOiXlx_xzRmfiR2LA
1148,Ubz4ESR-L_RP35v0GNydGQ
1149,STBgvOeGf7NPqJ3utWv4Qw
1150,hp32Vg-UL_hSksxRk8CMxA
1151,0HsBXghQHAfPbxJ0kgztIw
1152,IQ_3a8K4hNd-__a_Q7lswg
1153,VuKFmS1orNqDiCc3FXYuoA
1154,QYZd49BCNPMytbyONSqgRg
1155,eua1Ga4z2S1JJ2DgjdYJWg
1156,Z0gjV8eHJ1ucRnMeWm6oHg
1157,JVjmQFQPs2F_XO3Q1EVIIg
1158,g4Z14bhKfZmZeLkvboQkMQ
1159,Dcx1H5SlBb4ydZgc5--O-Q
1160,9pDtgDBw_znspX2LBkMXoQ
1161,yI-DgvFCZvDx44S9RRF23w
1162,z0PY6wkKjqOVBGT0-_m6ww
1163,IRhpMGUS97w840JH7uTwbg
1164,fCzHzQ8LOxKN5BskwgZywQ
1165,S0INpz1_IG82dOX2zFrlXw
1166,W2DlEJCGdlRiEoiakDdGqA
1167,YlxTPaPRO-I1CRFo5wjUDQ
1168,OTVVLLtx-YpGwTMlhe1EOA
1169,6D6ssMZ6EEa5MqLlP-rbMg
1170,9n0uv521QLPdgyO4svW0gw
1171,Ww9_PzLEziuCfByKlWSQLw
1172,2CLI2IlN7Ngmt2LhmA-WmA
1173,VBR2LyzPzHnDSsm1oZI2mQ
1174,F2Y9YuHdJpaaUX-HNEpbtg
1175,BmCF107dpQz03OV8gZRVfQ
1176,QHiGwjQvDwTNTxRFTRrK9A
1177,aNCMkB4G8Jexuh58LXZN-g
1178,FUYI_BVIOR2FYk1gpw9vuw
1179,_9wDtmlTZ9IxXSrdADw3ZQ
1180,dis63G2eq5PGIANq6kH0Gg
1181,GtiUVfth9qmd-U8fC_RdBw
1182,m5f_4gLrRFN7oCgs08bj4w
1183,aVmhmvDTgkmRF0Ad4ACQtQ
1184,YBbPktXab8urcd8x1jLEkA
1185,1EHJf6QIkQQ6vBqSD-a09Q
1186,TF6AUEcUFBWPi9mJTfCaWg
1187,fkALh9qlTmoMy5yzqIo89A
1188,oJWuzqvKrvL0rHHQMYMC8w
1189,4LVStG_WbZSwZxJ0artaxQ
1190,EL4yWTLsHCKfF2tPk-sGLQ
1191,KNzdkyqEOqkpEnzsAV4maA
1192,89C8iW60Y1cG1rGSHEy17Q
1193,irHel0BT5NZ_TV9CuHZJVw
1194,P-FOI5O_Ord4mTMw9Dv8mg
1195,qB56Z5UAI-OkORhmhuFCOA
1196,7aZuYXfH15eh9m4V_MG4kg
1197,zskXST2ZFkarBG13LfTzig
1198,UMq1YIH8NORXyvAytUJn_Q
1199,iplDyqmkyRw-kF3lRBlxBQ
1200,nkVHcZ6BAC1UyBDlmA8x1g
1201,JKLVBGsnXhFIITFbmlT0ZA
1202,HOosFJ9DN6likCvLEE2glg
1203,sllm3ZkTg5DdIxU6l0RYQg
1204,2SDpbwRfvSdneyScPyH7ig
1205,TyT-3ljRPIaLjGb-mggrYA
